[{"model": "auth.permission", "pk": 1, "fields": {"name": "Can add log entry", "content_type": 1, "codename": "add_logentry"}}, {"model": "auth.permission", "pk": 2, "fields": {"name": "Can change log entry", "content_type": 1, "codename": "change_logentry"}}, {"model": "auth.permission", "pk": 3, "fields": {"name": "Can delete log entry", "content_type": 1, "codename": "delete_logentry"}}, {"model": "auth.permission", "pk": 4, "fields": {"name": "Can view log entry", "content_type": 1, "codename": "view_logentry"}}, {"model": "auth.permission", "pk": 5, "fields": {"name": "Can add permission", "content_type": 2, "codename": "add_permission"}}, {"model": "auth.permission", "pk": 6, "fields": {"name": "Can change permission", "content_type": 2, "codename": "change_permission"}}, {"model": "auth.permission", "pk": 7, "fields": {"name": "Can delete permission", "content_type": 2, "codename": "delete_permission"}}, {"model": "auth.permission", "pk": 8, "fields": {"name": "Can view permission", "content_type": 2, "codename": "view_permission"}}, {"model": "auth.permission", "pk": 9, "fields": {"name": "Can add group", "content_type": 3, "codename": "add_group"}}, {"model": "auth.permission", "pk": 10, "fields": {"name": "Can change group", "content_type": 3, "codename": "change_group"}}, {"model": "auth.permission", "pk": 11, "fields": {"name": "Can delete group", "content_type": 3, "codename": "delete_group"}}, {"model": "auth.permission", "pk": 12, "fields": {"name": "Can view group", "content_type": 3, "codename": "view_group"}}, {"model": "auth.permission", "pk": 13, "fields": {"name": "Can add content type", "content_type": 4, "codename": "add_contenttype"}}, {"model": "auth.permission", "pk": 14, "fields": {"name": "Can change content type", "content_type": 4, "codename": "change_contenttype"}}, {"model": "auth.permission", "pk": 15, "fields": {"name": "Can delete content type", "content_type": 4, "codename": "delete_contenttype"}}, {"model": "auth.permission", "pk": 16, "fields": {"name": "Can view content type", "content_type": 4, "codename": "view_contenttype"}}, {"model": "auth.permission", "pk": 17, "fields": {"name": "Can add session", "content_type": 5, "codename": "add_session"}}, {"model": "auth.permission", "pk": 18, "fields": {"name": "Can change session", "content_type": 5, "codename": "change_session"}}, {"model": "auth.permission", "pk": 19, "fields": {"name": "Can delete session", "content_type": 5, "codename": "delete_session"}}, {"model": "auth.permission", "pk": 20, "fields": {"name": "Can view session", "content_type": 5, "codename": "view_session"}}, {"model": "auth.permission", "pk": 21, "fields": {"name": "Can add user state", "content_type": 6, "codename": "add_userstate"}}, {"model": "auth.permission", "pk": 22, "fields": {"name": "Can change user state", "content_type": 6, "codename": "change_userstate"}}, {"model": "auth.permission", "pk": 23, "fields": {"name": "Can delete user state", "content_type": 6, "codename": "delete_userstate"}}, {"model": "auth.permission", "pk": 24, "fields": {"name": "Can view user state", "content_type": 6, "codename": "view_userstate"}}, {"model": "auth.permission", "pk": 25, "fields": {"name": "Can add usuario", "content_type": 7, "codename": "add_useraccount"}}, {"model": "auth.permission", "pk": 26, "fields": {"name": "Can change usuario", "content_type": 7, "codename": "change_useraccount"}}, {"model": "auth.permission", "pk": 27, "fields": {"name": "Can delete usuario", "content_type": 7, "codename": "delete_useraccount"}}, {"model": "auth.permission", "pk": 28, "fields": {"name": "Can view usuario", "content_type": 7, "codename": "view_useraccount"}}, {"model": "auth.permission", "pk": 29, "fields": {"name": "Can add user forgot password", "content_type": 8, "codename": "add_userforgotpassword"}}, {"model": "auth.permission", "pk": 30, "fields": {"name": "Can change user forgot password", "content_type": 8, "codename": "change_userforgotpassword"}}, {"model": "auth.permission", "pk": 31, "fields": {"name": "Can delete user forgot password", "content_type": 8, "codename": "delete_userforgotpassword"}}, {"model": "auth.permission", "pk": 32, "fields": {"name": "Can view user forgot password", "content_type": 8, "codename": "view_userforgotpassword"}}, {"model": "auth.permission", "pk": 33, "fields": {"name": "Can add user register", "content_type": 9, "codename": "add_userregister"}}, {"model": "auth.permission", "pk": 34, "fields": {"name": "Can change user register", "content_type": 9, "codename": "change_userregister"}}, {"model": "auth.permission", "pk": 35, "fields": {"name": "Can delete user register", "content_type": 9, "codename": "delete_userregister"}}, {"model": "auth.permission", "pk": 36, "fields": {"name": "Can view user register", "content_type": 9, "codename": "view_userregister"}}, {"model": "auth.permission", "pk": 37, "fields": {"name": "Can add rating", "content_type": 10, "codename": "add_rating"}}, {"model": "auth.permission", "pk": 38, "fields": {"name": "Can change rating", "content_type": 10, "codename": "change_rating"}}, {"model": "auth.permission", "pk": 39, "fields": {"name": "Can delete rating", "content_type": 10, "codename": "delete_rating"}}, {"model": "auth.permission", "pk": 40, "fields": {"name": "Can view rating", "content_type": 10, "codename": "view_rating"}}, {"model": "auth.permission", "pk": 41, "fields": {"name": "Can add turn state", "content_type": 11, "codename": "add_turnstate"}}, {"model": "auth.permission", "pk": 42, "fields": {"name": "Can change turn state", "content_type": 11, "codename": "change_turnstate"}}, {"model": "auth.permission", "pk": 43, "fields": {"name": "Can delete turn state", "content_type": 11, "codename": "delete_turnstate"}}, {"model": "auth.permission", "pk": 44, "fields": {"name": "Can view turn state", "content_type": 11, "codename": "view_turnstate"}}, {"model": "auth.permission", "pk": 45, "fields": {"name": "Can add turn", "content_type": 12, "codename": "add_turn"}}, {"model": "auth.permission", "pk": 46, "fields": {"name": "Can change turn", "content_type": 12, "codename": "change_turn"}}, {"model": "auth.permission", "pk": 47, "fields": {"name": "Can delete turn", "content_type": 12, "codename": "delete_turn"}}, {"model": "auth.permission", "pk": 48, "fields": {"name": "Can view turn", "content_type": 12, "codename": "view_turn"}}, {"model": "auth.permission", "pk": 49, "fields": {"name": "Can add category", "content_type": 13, "codename": "add_category"}}, {"model": "auth.permission", "pk": 50, "fields": {"name": "Can change category", "content_type": 13, "codename": "change_category"}}, {"model": "auth.permission", "pk": 51, "fields": {"name": "Can delete category", "content_type": 13, "codename": "delete_category"}}, {"model": "auth.permission", "pk": 52, "fields": {"name": "Can view category", "content_type": 13, "codename": "view_category"}}, {"model": "auth.permission", "pk": 53, "fields": {"name": "Can add post state", "content_type": 14, "codename": "add_poststate"}}, {"model": "auth.permission", "pk": 54, "fields": {"name": "Can change post state", "content_type": 14, "codename": "change_poststate"}}, {"model": "auth.permission", "pk": 55, "fields": {"name": "Can delete post state", "content_type": 14, "codename": "delete_poststate"}}, {"model": "auth.permission", "pk": 56, "fields": {"name": "Can view post state", "content_type": 14, "codename": "view_poststate"}}, {"model": "auth.permission", "pk": 57, "fields": {"name": "Can add post", "content_type": 15, "codename": "add_post"}}, {"model": "auth.permission", "pk": 58, "fields": {"name": "Can change post", "content_type": 15, "codename": "change_post"}}, {"model": "auth.permission", "pk": 59, "fields": {"name": "Can delete post", "content_type": 15, "codename": "delete_post"}}, {"model": "auth.permission", "pk": 60, "fields": {"name": "Can view post", "content_type": 15, "codename": "view_post"}}, {"model": "auth.permission", "pk": 61, "fields": {"name": "Can add subsidiary", "content_type": 16, "codename": "add_subsidiary"}}, {"model": "auth.permission", "pk": 62, "fields": {"name": "Can change subsidiary", "content_type": 16, "codename": "change_subsidiary"}}, {"model": "auth.permission", "pk": 63, "fields": {"name": "Can delete subsidiary", "content_type": 16, "codename": "delete_subsidiary"}}, {"model": "auth.permission", "pk": 64, "fields": {"name": "Can view subsidiary", "content_type": 16, "codename": "view_subsidiary"}}, {"model": "auth.permission", "pk": 65, "fields": {"name": "Can add stock filial", "content_type": 17, "codename": "add_stockfilial"}}, {"model": "auth.permission", "pk": 66, "fields": {"name": "Can change stock filial", "content_type": 17, "codename": "change_stockfilial"}}, {"model": "auth.permission", "pk": 67, "fields": {"name": "Can delete stock filial", "content_type": 17, "codename": "delete_stockfilial"}}, {"model": "auth.permission", "pk": 68, "fields": {"name": "Can view stock filial", "content_type": 17, "codename": "view_stockfilial"}}, {"model": "auth.permission", "pk": 69, "fields": {"name": "Can add request state", "content_type": 18, "codename": "add_requeststate"}}, {"model": "auth.permission", "pk": 70, "fields": {"name": "Can change request state", "content_type": 18, "codename": "change_requeststate"}}, {"model": "auth.permission", "pk": 71, "fields": {"name": "Can delete request state", "content_type": 18, "codename": "delete_requeststate"}}, {"model": "auth.permission", "pk": 72, "fields": {"name": "Can view request state", "content_type": 18, "codename": "view_requeststate"}}, {"model": "auth.permission", "pk": 73, "fields": {"name": "Can add request", "content_type": 19, "codename": "add_request"}}, {"model": "auth.permission", "pk": 74, "fields": {"name": "Can change request", "content_type": 19, "codename": "change_request"}}, {"model": "auth.permission", "pk": 75, "fields": {"name": "Can delete request", "content_type": 19, "codename": "delete_request"}}, {"model": "auth.permission", "pk": 76, "fields": {"name": "Can view request", "content_type": 19, "codename": "view_request"}}, {"model": "auth.permission", "pk": 77, "fields": {"name": "Can add Token", "content_type": 20, "codename": "add_token"}}, {"model": "auth.permission", "pk": 78, "fields": {"name": "Can change Token", "content_type": 20, "codename": "change_token"}}, {"model": "auth.permission", "pk": 79, "fields": {"name": "Can delete Token", "content_type": 20, "codename": "delete_token"}}, {"model": "auth.permission", "pk": 80, "fields": {"name": "Can view Token", "content_type": 20, "codename": "view_token"}}, {"model": "auth.permission", "pk": 81, "fields": {"name": "Can add Token", "content_type": 21, "codename": "add_tokenproxy"}}, {"model": "auth.permission", "pk": 82, "fields": {"name": "Can change Token", "content_type": 21, "codename": "change_tokenproxy"}}, {"model": "auth.permission", "pk": 83, "fields": {"name": "Can delete Token", "content_type": 21, "codename": "delete_tokenproxy"}}, {"model": "auth.permission", "pk": 84, "fields": {"name": "Can view Token", "content_type": 21, "codename": "view_tokenproxy"}}, {"model": "contenttypes.contenttype", "pk": 1, "fields": {"app_label": "admin", "model": "logentry"}}, {"model": "contenttypes.contenttype", "pk": 2, "fields": {"app_label": "auth", "model": "permission"}}, {"model": "contenttypes.contenttype", "pk": 3, "fields": {"app_label": "auth", "model": "group"}}, {"model": "contenttypes.contenttype", "pk": 4, "fields": {"app_label": "contenttypes", "model": "contenttype"}}, {"model": "contenttypes.contenttype", "pk": 5, "fields": {"app_label": "sessions", "model": "session"}}, {"model": "contenttypes.contenttype", "pk": 6, "fields": {"app_label": "user", "model": "userstate"}}, {"model": "contenttypes.contenttype", "pk": 7, "fields": {"app_label": "user", "model": "useraccount"}}, {"model": "contenttypes.contenttype", "pk": 8, "fields": {"app_label": "user", "model": "userforgotpassword"}}, {"model": "contenttypes.contenttype", "pk": 9, "fields": {"app_label": "user", "model": "userregister"}}, {"model": "contenttypes.contenttype", "pk": 10, "fields": {"app_label": "rating", "model": "rating"}}, {"model": "contenttypes.contenttype", "pk": 11, "fields": {"app_label": "turn", "model": "turnstate"}}, {"model": "contenttypes.contenttype", "pk": 12, "fields": {"app_label": "turn", "model": "turn"}}, {"model": "contenttypes.contenttype", "pk": 13, "fields": {"app_label": "app_post", "model": "category"}}, {"model": "contenttypes.contenttype", "pk": 14, "fields": {"app_label": "app_post", "model": "poststate"}}, {"model": "contenttypes.contenttype", "pk": 15, "fields": {"app_label": "app_post", "model": "post"}}, {"model": "contenttypes.contenttype", "pk": 16, "fields": {"app_label": "subsidiary", "model": "subsidiary"}}, {"model": "contenttypes.contenttype", "pk": 17, "fields": {"app_label": "stockFilial", "model": "stockfilial"}}, {"model": "contenttypes.contenttype", "pk": 18, "fields": {"app_label": "request", "model": "requeststate"}}, {"model": "contenttypes.contenttype", "pk": 19, "fields": {"app_label": "request", "model": "request"}}, {"model": "contenttypes.contenttype", "pk": 20, "fields": {"app_label": "authtoken", "model": "token"}}, {"model": "contenttypes.contenttype", "pk": 21, "fields": {"app_label": "authtoken", "model": "tokenproxy"}}, {"model": "sessions.session", "pk": "bgqekczh2ivhedqjpxs6tcpllfw2kmy5", "fields": {"session_data": ".eJxVjDsOwjAQBe_iGlnYxI5DSc8ZrLfeXRJAjpRPhbg7REoB7ZuZ9zIZ69LndZYpD2zOxpnD70YoD6kb4DvqbbRlrMs0kN0Uu9PZXkeW52V3_w56zP23bk9dEUkuOYDaWDhFpx1pk44eIQpKVB-DBoChUOUS2saTZ1FKHub9AQn7OYc:1sP8vf:B1PyqNtQ6nuBSjdO8TYHseRg-ZEAbcIOkNRdqCYu6co", "expire_date": "2024-07-17T22:58:23.932Z"}}, {"model": "user.userstate", "pk": 1, "fields": {"name": "bloqueado"}}, {"model": "user.userstate", "pk": 2, "fields": {"name": "suspendido"}}, {"model": "user.userstate", "pk": 3, "fields": {"name": "activo"}}, {"model": "user.userstate", "pk": 4, "fields": {"name": "inactivo"}}, {"model": "user.userstate", "pk": 5, "fields": {"name": "eliminado"}}, {"model": "user.useraccount", "pk": 1, "fields": {"password": "482c811da5d5b4bc6d497ffa98491e38", "last_login": "2024-07-03T22:58:23.927Z", "is_superuser": true, "first_name": "Administrador", "last_name": "General", "dni": "00000000", "email": "admin_caritas@yopmail.com", "date_of_birth": "2001-11-08", "phone_number": "342780437", "rejected_posts": 0, "score": 0, "id_subsidiary": null, "failed_login_attempts": 0, "is_staff": true, "is_active": true, "state": 3, "gender": "OTHER", "role": "ADMIN", "groups": [], "user_permissions": []}}, {"model": "user.useraccount", "pk": 3, "fields": {"password": "482c811da5d5b4bc6d497ffa98491e38", "last_login": null, "is_superuser": false, "first_name": "Amalea", "last_name": "Kierans", "dni": "41448132", "email": "akierans2@yopmail.com", "date_of_birth": "1958-12-25", "phone_number": "7842532734", "rejected_posts": 0, "score": 0, "id_subsidiary": 1, "failed_login_attempts": 0, "is_staff": false, "is_active": true, "state": 3, "gender": "FEMALE", "role": "HELPER", "groups": [], "user_permissions": []}}, {"model": "user.useraccount", "pk": 4, "fields": {"password": "482c811da5d5b4bc6d497ffa98491e38", "last_login": null, "is_superuser": false, "first_name": "Valentino", "last_name": "McAster", "dni": "11913963", "email": "vmcaster4@yopmail.com", "date_of_birth": "1985-07-05", "phone_number": "8499000565", "rejected_posts": 0, "score": 0, "id_subsidiary": 1, "failed_login_attempts": 0, "is_staff": false, "is_active": true, "state": 3, "gender": "MALE", "role": "HELPER", "groups": [], "user_permissions": []}}, {"model": "user.useraccount", "pk": 5, "fields": {"password": "482c811da5d5b4bc6d497ffa98491e38", "last_login": null, "is_superuser": false, "first_name": "Darby", "last_name": "Camilli", "dni": "16028757", "email": "dcamilli5@yopmail.com", "date_of_birth": "1990-12-05", "phone_number": "5611744809", "rejected_posts": 0, "score": 0, "id_subsidiary": 1, "failed_login_attempts": 0, "is_staff": false, "is_active": true, "state": 3, "gender": "MALE", "role": "HELPER", "groups": [], "user_permissions": []}}, {"model": "user.useraccount", "pk": 6, "fields": {"password": "482c811da5d5b4bc6d497ffa98491e38", "last_login": null, "is_superuser": false, "first_name": "Brittani", "last_name": "Giraudou", "dni": "19449531", "email": "bgiraudou6@yopmail.com", "date_of_birth": "1984-05-12", "phone_number": "7988190015", "rejected_posts": 0, "score": 0, "id_subsidiary": 1, "failed_login_attempts": 0, "is_staff": false, "is_active": true, "state": 3, "gender": "FEMALE", "role": "HELPER", "groups": [], "user_permissions": []}}, {"model": "user.useraccount", "pk": 7, "fields": {"password": "482c811da5d5b4bc6d497ffa98491e38", "last_login": null, "is_superuser": false, "first_name": "Sayre", "last_name": "Dowsing", "dni": "24296311", "email": "sdowsing7@yopmail.com", "date_of_birth": "1964-05-11", "phone_number": "8762636701", "rejected_posts": 0, "score": 0, "id_subsidiary": 2, "failed_login_attempts": 0, "is_staff": false, "is_active": true, "state": 3, "gender": "FEMALE", "role": "HELPER", "groups": [], "user_permissions": []}}, {"model": "user.useraccount", "pk": 8, "fields": {"password": "482c811da5d5b4bc6d497ffa98491e38", "last_login": null, "is_superuser": false, "first_name": "Wileen", "last_name": "Addicote", "dni": "15164957", "email": "waddicote8@yopmail.com", "date_of_birth": "1986-12-22", "phone_number": "8743753669", "rejected_posts": 0, "score": 0, "id_subsidiary": 2, "failed_login_attempts": 0, "is_staff": false, "is_active": true, "state": 3, "gender": "Genderqueer", "role": "HELPER", "groups": [], "user_permissions": []}}, {"model": "user.useraccount", "pk": 9, "fields": {"password": "482c811da5d5b4bc6d497ffa98491e38", "last_login": null, "is_superuser": false, "first_name": "Fields", "last_name": "Cruse", "dni": "26880580", "email": "fcruse9@yopmail.com", "date_of_birth": "1991-08-18", "phone_number": "1135635156", "rejected_posts": 0, "score": 0, "id_subsidiary": 2, "failed_login_attempts": 0, "is_staff": false, "is_active": true, "state": 3, "gender": "MALE", "role": "HELPER", "groups": [], "user_permissions": []}}, {"model": "user.useraccount", "pk": 10, "fields": {"password": "482c811da5d5b4bc6d497ffa98491e38", "last_login": null, "is_superuser": false, "first_name": "Casey", "last_name": "Schoenrock", "dni": "25035571", "email": "cschoenrocka@yopmail.com", "date_of_birth": "1975-11-02", "phone_number": "4126628184", "rejected_posts": 0, "score": 0, "id_subsidiary": 1, "failed_login_attempts": 0, "is_staff": false, "is_active": true, "state": 3, "gender": "FEMALE", "role": "HELPER", "groups": [], "user_permissions": []}}, {"model": "user.useraccount", "pk": 11, "fields": {"password": "482c811da5d5b4bc6d497ffa98491e38", "last_login": null, "is_superuser": false, "first_name": "Emerson", "last_name": "MacCaig", "dni": "40153322", "email": "emaccaigb@yopmail.com", "date_of_birth": "1954-09-15", "phone_number": "3611518643", "rejected_posts": 0, "score": 0, "id_subsidiary": 2, "failed_login_attempts": 0, "is_staff": false, "is_active": true, "state": 3, "gender": "MALE", "role": "HELPER", "groups": [], "user_permissions": []}}, {"model": "user.useraccount", "pk": 101, "fields": {"password": "482c811da5d5b4bc6d497ffa98491e38", "last_login": null, "is_superuser": false, "first_name": "Bloqueado", "last_name": "Uno", "dni": "10101010", "email": "wcurtainc@yopmail.com", "date_of_birth": "1971-12-27", "phone_number": "4827484720", "rejected_posts": 0, "score": 0, "id_subsidiary": null, "failed_login_attempts": 0, "is_staff": false, "is_active": true, "state": 1, "gender": "MALE", "role": "EXCHANGER", "groups": [], "user_permissions": []}}, {"model": "user.useraccount", "pk": 102, "fields": {"password": "482c811da5d5b4bc6d497ffa98491e38", "last_login": null, "is_superuser": false, "first_name": "Bloqueado", "last_name": "Dos", "dni": "20202020", "email": "bloqueado2@yopmail.com", "date_of_birth": "1972-01-27", "phone_number": "4827484721", "rejected_posts": 0, "score": 0, "id_subsidiary": null, "failed_login_attempts": 0, "is_staff": false, "is_active": true, "state": 1, "gender": "FEMALE", "role": "EXCHANGER", "groups": [], "user_permissions": []}}, {"model": "user.useraccount", "pk": 103, "fields": {"password": "482c811da5d5b4bc6d497ffa98491e38", "last_login": null, "is_superuser": false, "first_name": "Suspendido", "last_name": "Uno", "dni": "30303030", "email": "suspendido1@yopmail.com", "date_of_birth": "1973-02-27", "phone_number": "4827484722", "rejected_posts": 0, "score": 0, "id_subsidiary": null, "failed_login_attempts": 0, "is_staff": false, "is_active": true, "state": 2, "gender": "MALE", "role": "EXCHANGER", "groups": [], "user_permissions": []}}, {"model": "user.useraccount", "pk": 104, "fields": {"password": "482c811da5d5b4bc6d497ffa98491e38", "last_login": null, "is_superuser": false, "first_name": "Suspendido", "last_name": "Dos", "dni": "40404040", "email": "suspendido2@yopmail.com", "date_of_birth": "1974-03-27", "phone_number": "4827484723", "rejected_posts": 0, "score": 0, "id_subsidiary": null, "failed_login_attempts": 0, "is_staff": false, "is_active": true, "state": 2, "gender": "FEMALE", "role": "EXCHANGER", "groups": [], "user_permissions": []}}, {"model": "user.useraccount", "pk": 105, "fields": {"password": "482c811da5d5b4bc6d497ffa98491e38", "last_login": null, "is_superuser": false, "first_name": "Activo", "last_name": "Uno", "dni": "50505050", "email": "activo1@yopmail.com", "date_of_birth": "1975-04-27", "phone_number": "4827484724", "rejected_posts": 4, "score": 0, "id_subsidiary": null, "failed_login_attempts": 0, "is_staff": false, "is_active": true, "state": 1, "gender": "MALE", "role": "EXCHANGER", "groups": [], "user_permissions": []}}, {"model": "user.useraccount", "pk": 106, "fields": {"password": "482c811da5d5b4bc6d497ffa98491e38", "last_login": null, "is_superuser": false, "first_name": "Activo", "last_name": "Dos", "dni": "60606060", "email": "activo2@yopmail.com", "date_of_birth": "1976-05-27", "phone_number": "4827484725", "rejected_posts": 0, "score": 0, "id_subsidiary": 3, "failed_login_attempts": 0, "is_staff": false, "is_active": true, "state": 3, "gender": "FEMALE", "role": "HELPER", "groups": [], "user_permissions": []}}, {"model": "user.useraccount", "pk": 107, "fields": {"password": "482c811da5d5b4bc6d497ffa98491e38", "last_login": null, "is_superuser": false, "first_name": "Inactivo", "last_name": "Uno", "dni": "70707070", "email": "inactivo1@yopmail.com", "date_of_birth": "1977-06-27", "phone_number": "4827484726", "rejected_posts": 0, "score": 0, "id_subsidiary": null, "failed_login_attempts": 0, "is_staff": false, "is_active": false, "state": 4, "gender": "MALE", "role": "EXCHANGER", "groups": [], "user_permissions": []}}, {"model": "user.useraccount", "pk": 108, "fields": {"password": "482c811da5d5b4bc6d497ffa98491e38", "last_login": null, "is_superuser": false, "first_name": "Inactivo", "last_name": "Dos", "dni": "80808080", "email": "inactivo2@yopmail.com", "date_of_birth": "1978-07-27", "phone_number": "4827484727", "rejected_posts": 0, "score": 0, "id_subsidiary": null, "failed_login_attempts": 0, "is_staff": false, "is_active": false, "state": 4, "gender": "FEMALE", "role": "EXCHANGER", "groups": [], "user_permissions": []}}, {"model": "user.useraccount", "pk": 109, "fields": {"password": "482c811da5d5b4bc6d497ffa98491e38", "last_login": null, "is_superuser": false, "first_name": "Eliminado", "last_name": "Uno", "dni": "90909090", "email": "eliminado1@yopmail.com", "date_of_birth": "1979-08-27", "phone_number": "4827484728", "rejected_posts": 0, "score": 0, "id_subsidiary": null, "failed_login_attempts": 0, "is_staff": false, "is_active": false, "state": 5, "gender": "MALE", "role": "EXCHANGER", "groups": [], "user_permissions": []}}, {"model": "user.useraccount", "pk": 110, "fields": {"password": "482c811da5d5b4bc6d497ffa98491e38", "last_login": null, "is_superuser": false, "first_name": "Eliminado", "last_name": "Dos", "dni": "11110000", "email": "eliminado2@yopmail.com", "date_of_birth": "1980-09-27", "phone_number": "4827484729", "rejected_posts": 0, "score": 0, "id_subsidiary": null, "failed_login_attempts": 0, "is_staff": false, "is_active": false, "state": 5, "gender": "FEMALE", "role": "EXCHANGER", "groups": [], "user_permissions": []}}, {"model": "user.useraccount", "pk": 111, "fields": {"password": "482c811da5d5b4bc6d497ffa98491e38", "last_login": null, "is_superuser": false, "first_name": "Intercambiador", "last_name": "Uno", "dni": "01010101", "email": "intercambiador1@yopmail.com", "date_of_birth": "1981-01-01", "phone_number": "4827484730", "rejected_posts": 0, "score": 4, "id_subsidiary": 4, "failed_login_attempts": 0, "is_staff": false, "is_active": true, "state": 3, "gender": "MALE", "role": "HELPER", "groups": [], "user_permissions": []}}, {"model": "user.useraccount", "pk": 112, "fields": {"password": "482c811da5d5b4bc6d497ffa98491e38", "last_login": null, "is_superuser": false, "first_name": "Intercambiador", "last_name": "Dos", "dni": "02020202", "email": "intercambiador2@yopmail.com", "date_of_birth": "1982-02-02", "phone_number": "4827484731", "rejected_posts": 0, "score": 0, "id_subsidiary": 5, "failed_login_attempts": 0, "is_staff": false, "is_active": true, "state": 3, "gender": "FEMALE", "role": "HELPER", "groups": [], "user_permissions": []}}, {"model": "user.useraccount", "pk": 113, "fields": {"password": "482c811da5d5b4bc6d497ffa98491e38", "last_login": null, "is_superuser": false, "first_name": "Intercambiador", "last_name": "Tres", "dni": "03030303", "email": "intercambiador3@yopmail.com", "date_of_birth": "1983-03-03", "phone_number": "4827484732", "rejected_posts": 0, "score": 0, "id_subsidiary": 6, "failed_login_attempts": 0, "is_staff": false, "is_active": true, "state": 3, "gender": "MALE", "role": "HELPER", "groups": [], "user_permissions": []}}, {"model": "user.useraccount", "pk": 114, "fields": {"password": "482c811da5d5b4bc6d497ffa98491e38", "last_login": null, "is_superuser": false, "first_name": "Intercambiador", "last_name": "Cuatro", "dni": "04040404", "email": "intercambiador4@yopmail.com", "date_of_birth": "1984-04-04", "phone_number": "4827484733", "rejected_posts": 0, "score": 0, "id_subsidiary": 7, "failed_login_attempts": 0, "is_staff": false, "is_active": true, "state": 3, "gender": "FEMALE", "role": "HELPER", "groups": [], "user_permissions": []}}, {"model": "user.useraccount", "pk": 115, "fields": {"password": "482c811da5d5b4bc6d497ffa98491e38", "last_login": null, "is_superuser": false, "first_name": "Intercambiador", "last_name": "Cinco", "dni": "05050505", "email": "intercambiador5@yopmail.com", "date_of_birth": "1985-05-05", "phone_number": "4827484734", "rejected_posts": 0, "score": 0, "id_subsidiary": null, "failed_login_attempts": 0, "is_staff": false, "is_active": true, "state": 3, "gender": "MALE", "role": "EXCHANGER", "groups": [], "user_permissions": []}}, {"model": "user.useraccount", "pk": 116, "fields": {"password": "482c811da5d5b4bc6d497ffa98491e38", "last_login": null, "is_superuser": false, "first_name": "Intercambiador", "last_name": "Seis", "dni": "06060606", "email": "intercambiador6@yopmail.com", "date_of_birth": "1986-06-06", "phone_number": "4827484735", "rejected_posts": 0, "score": 0, "id_subsidiary": null, "failed_login_attempts": 0, "is_staff": false, "is_active": true, "state": 3, "gender": "FEMALE", "role": "EXCHANGER", "groups": [], "user_permissions": []}}, {"model": "user.useraccount", "pk": 117, "fields": {"password": "482c811da5d5b4bc6d497ffa98491e38", "last_login": null, "is_superuser": false, "first_name": "Intercambiador", "last_name": "Siete", "dni": "07070707", "email": "intercambiador7@yopmail.com", "date_of_birth": "1987-07-07", "phone_number": "4827484736", "rejected_posts": 0, "score": 0, "id_subsidiary": null, "failed_login_attempts": 0, "is_staff": false, "is_active": true, "state": 3, "gender": "MALE", "role": "EXCHANGER", "groups": [], "user_permissions": []}}, {"model": "user.useraccount", "pk": 118, "fields": {"password": "482c811da5d5b4bc6d497ffa98491e38", "last_login": null, "is_superuser": false, "first_name": "Intercambiador", "last_name": "Ocho", "dni": "08080808", "email": "intercambiador8@yopmail.com", "date_of_birth": "1988-08-08", "phone_number": "4827484737", "rejected_posts": 0, "score": 0, "id_subsidiary": null, "failed_login_attempts": 0, "is_staff": false, "is_active": true, "state": 3, "gender": "FEMALE", "role": "EXCHANGER", "groups": [], "user_permissions": []}}, {"model": "user.useraccount", "pk": 119, "fields": {"password": "482c811da5d5b4bc6d497ffa98491e38", "last_login": null, "is_superuser": false, "first_name": "Intercambiador", "last_name": "Nueve", "dni": "09090909", "email": "intercambiador9@yopmail.com", "date_of_birth": "1989-09-09", "phone_number": "4827484738", "rejected_posts": 0, "score": 0, "id_subsidiary": null, "failed_login_attempts": 0, "is_staff": false, "is_active": true, "state": 3, "gender": "MALE", "role": "EXCHANGER", "groups": [], "user_permissions": []}}, {"model": "user.useraccount", "pk": 120, "fields": {"password": "482c811da5d5b4bc6d497ffa98491e38", "last_login": null, "is_superuser": false, "first_name": "Intercambiador", "last_name": "Diez", "dni": "10101011", "email": "intercambiador10@yopmail.com", "date_of_birth": "1990-10-10", "phone_number": "4827484739", "rejected_posts": 0, "score": 3, "id_subsidiary": null, "failed_login_attempts": 0, "is_staff": false, "is_active": true, "state": 3, "gender": "FEMALE", "role": "EXCHANGER", "groups": [], "user_permissions": []}}, {"model": "user.useraccount", "pk": 121, "fields": {"password": "482c811da5d5b4bc6d497ffa98491e38", "last_login": null, "is_superuser": false, "first_name": "Intercambiador", "last_name": "Once", "dni": "11111111", "email": "intercambiador11@yopmail.com", "date_of_birth": "1991-11-11", "phone_number": "4827484740", "rejected_posts": 0, "score": 0, "id_subsidiary": null, "failed_login_attempts": 0, "is_staff": false, "is_active": true, "state": 3, "gender": "MALE", "role": "EXCHANGER", "groups": [], "user_permissions": []}}, {"model": "user.useraccount", "pk": 122, "fields": {"password": "482c811da5d5b4bc6d497ffa98491e38", "last_login": null, "is_superuser": false, "first_name": "Intercambiador", "last_name": "Doce", "dni": "12121212", "email": "intercambiador12@yopmail.com", "date_of_birth": "1992-12-12", "phone_number": "4827484741", "rejected_posts": 0, "score": 0, "id_subsidiary": null, "failed_login_attempts": 0, "is_staff": false, "is_active": true, "state": 3, "gender": "FEMALE", "role": "EXCHANGER", "groups": [], "user_permissions": []}}, {"model": "user.useraccount", "pk": 123, "fields": {"password": "482c811da5d5b4bc6d497ffa98491e38", "last_login": null, "is_superuser": false, "first_name": "Intercambiador", "last_name": "Trece", "dni": "13131313", "email": "intercambiador13@yopmail.com", "date_of_birth": "1993-01-13", "phone_number": "4827484742", "rejected_posts": 0, "score": 0, "id_subsidiary": null, "failed_login_attempts": 0, "is_staff": false, "is_active": true, "state": 3, "gender": "MALE", "role": "EXCHANGER", "groups": [], "user_permissions": []}}, {"model": "user.useraccount", "pk": 124, "fields": {"password": "482c811da5d5b4bc6d497ffa98491e38", "last_login": null, "is_superuser": false, "first_name": "Intercambiador", "last_name": "Catorce", "dni": "14141414", "email": "intercambiador14@yopmail.com", "date_of_birth": "1994-02-14", "phone_number": "4827484743", "rejected_posts": 0, "score": 0, "id_subsidiary": null, "failed_login_attempts": 0, "is_staff": false, "is_active": true, "state": 3, "gender": "FEMALE", "role": "EXCHANGER", "groups": [], "user_permissions": []}}, {"model": "user.useraccount", "pk": 125, "fields": {"password": "482c811da5d5b4bc6d497ffa98491e38", "last_login": null, "is_superuser": false, "first_name": "Intercambiador", "last_name": "Quince", "dni": "15151515", "email": "intercambiador15@yopmail.com", "date_of_birth": "1995-03-15", "phone_number": "4827484744", "rejected_posts": 0, "score": 0, "id_subsidiary": null, "failed_login_attempts": 0, "is_staff": false, "is_active": true, "state": 3, "gender": "MALE", "role": "EXCHANGER", "groups": [], "user_permissions": []}}, {"model": "user.useraccount", "pk": 126, "fields": {"password": "482c811da5d5b4bc6d497ffa98491e38", "last_login": null, "is_superuser": false, "first_name": "Intercambiador", "last_name": "Dieciséis", "dni": "16161616", "email": "intercambiador16@yopmail.com", "date_of_birth": "1996-04-16", "phone_number": "4827484745", "rejected_posts": 0, "score": 0, "id_subsidiary": null, "failed_login_attempts": 0, "is_staff": false, "is_active": true, "state": 3, "gender": "FEMALE", "role": "EXCHANGER", "groups": [], "user_permissions": []}}, {"model": "user.useraccount", "pk": 127, "fields": {"password": "482c811da5d5b4bc6d497ffa98491e38", "last_login": null, "is_superuser": false, "first_name": "Intercambiador", "last_name": "Diecisiete", "dni": "17171717", "email": "intercambiador17@yopmail.com", "date_of_birth": "1997-05-17", "phone_number": "4827484746", "rejected_posts": 0, "score": 0, "id_subsidiary": null, "failed_login_attempts": 0, "is_staff": false, "is_active": true, "state": 3, "gender": "MALE", "role": "EXCHANGER", "groups": [], "user_permissions": []}}, {"model": "user.useraccount", "pk": 128, "fields": {"password": "482c811da5d5b4bc6d497ffa98491e38", "last_login": null, "is_superuser": false, "first_name": "Intercambiador", "last_name": "Dieciocho", "dni": "18181818", "email": "intercambiador18@yopmail.com", "date_of_birth": "1998-06-18", "phone_number": "4827484747", "rejected_posts": 0, "score": 0, "id_subsidiary": null, "failed_login_attempts": 0, "is_staff": false, "is_active": true, "state": 3, "gender": "FEMALE", "role": "EXCHANGER", "groups": [], "user_permissions": []}}, {"model": "user.useraccount", "pk": 129, "fields": {"password": "482c811da5d5b4bc6d497ffa98491e38", "last_login": null, "is_superuser": false, "first_name": "Intercambiador", "last_name": "Diecinueve", "dni": "19191919", "email": "intercambiador19@yopmail.com", "date_of_birth": "1999-07-19", "phone_number": "4827484748", "rejected_posts": 0, "score": 0, "id_subsidiary": null, "failed_login_attempts": 0, "is_staff": false, "is_active": true, "state": 3, "gender": "MALE", "role": "EXCHANGER", "groups": [], "user_permissions": []}}, {"model": "user.useraccount", "pk": 130, "fields": {"password": "482c811da5d5b4bc6d497ffa98491e38", "last_login": null, "is_superuser": false, "first_name": "Intercambiador", "last_name": "Veinte", "dni": "20202022", "email": "intercambiador20@yopmail.com", "date_of_birth": "2000-08-20", "phone_number": "4827484749", "rejected_posts": 0, "score": 0, "id_subsidiary": null, "failed_login_attempts": 0, "is_staff": false, "is_active": true, "state": 3, "gender": "FEMALE", "role": "EXCHANGER", "groups": [], "user_permissions": []}}, {"model": "user.useraccount", "pk": 131, "fields": {"password": "482c811da5d5b4bc6d497ffa98491e38", "last_login": null, "is_superuser": false, "first_name": "Intercambiador", "last_name": "Veintiuno", "dni": "21212121", "email": "intercambiador21@yopmail.com", "date_of_birth": "2001-09-21", "phone_number": "4827484750", "rejected_posts": 0, "score": 0, "id_subsidiary": null, "failed_login_attempts": 0, "is_staff": false, "is_active": true, "state": 3, "gender": "MALE", "role": "EXCHANGER", "groups": [], "user_permissions": []}}, {"model": "user.useraccount", "pk": 132, "fields": {"password": "482c811da5d5b4bc6d497ffa98491e38", "last_login": null, "is_superuser": false, "first_name": "Intercambiador", "last_name": "Veintidós", "dni": "22222222", "email": "intercambiador22@yopmail.com", "date_of_birth": "2002-10-22", "phone_number": "4827484751", "rejected_posts": 0, "score": 0, "id_subsidiary": null, "failed_login_attempts": 0, "is_staff": false, "is_active": true, "state": 3, "gender": "FEMALE", "role": "EXCHANGER", "groups": [], "user_permissions": []}}, {"model": "user.useraccount", "pk": 133, "fields": {"password": "482c811da5d5b4bc6d497ffa98491e38", "last_login": null, "is_superuser": false, "first_name": "Intercambiador", "last_name": "Veintitrés", "dni": "23232323", "email": "intercambiador23@yopmail.com", "date_of_birth": "2003-11-23", "phone_number": "4827484752", "rejected_posts": 0, "score": 0, "id_subsidiary": null, "failed_login_attempts": 0, "is_staff": false, "is_active": true, "state": 3, "gender": "MALE", "role": "EXCHANGER", "groups": [], "user_permissions": []}}, {"model": "user.useraccount", "pk": 134, "fields": {"password": "482c811da5d5b4bc6d497ffa98491e38", "last_login": null, "is_superuser": false, "first_name": "Intercambiador", "last_name": "Veinticuatro", "dni": "24242424", "email": "intercambiador24@yopmail.com", "date_of_birth": "2004-12-24", "phone_number": "4827484753", "rejected_posts": 0, "score": 0, "id_subsidiary": null, "failed_login_attempts": 0, "is_staff": false, "is_active": true, "state": 3, "gender": "FEMALE", "role": "EXCHANGER", "groups": [], "user_permissions": []}}, {"model": "user.useraccount", "pk": 135, "fields": {"password": "482c811da5d5b4bc6d497ffa98491e38", "last_login": null, "is_superuser": false, "first_name": "Intercambiador", "last_name": "Veinticinco", "dni": "25252525", "email": "intercambiador25@yopmail.com", "date_of_birth": "2005-01-25", "phone_number": "4827484754", "rejected_posts": 0, "score": 0, "id_subsidiary": null, "failed_login_attempts": 0, "is_staff": false, "is_active": true, "state": 3, "gender": "MALE", "role": "EXCHANGER", "groups": [], "user_permissions": []}}, {"model": "user.useraccount", "pk": 136, "fields": {"password": "482c811da5d5b4bc6d497ffa98491e38", "last_login": null, "is_superuser": false, "first_name": "Intercambiador", "last_name": "Veintiséis", "dni": "26262626", "email": "intercambiador26@yopmail.com", "date_of_birth": "2006-02-26", "phone_number": "4827484755", "rejected_posts": 0, "score": 0, "id_subsidiary": null, "failed_login_attempts": 0, "is_staff": false, "is_active": true, "state": 3, "gender": "FEMALE", "role": "EXCHANGER", "groups": [], "user_permissions": []}}, {"model": "user.useraccount", "pk": 137, "fields": {"password": "482c811da5d5b4bc6d497ffa98491e38", "last_login": null, "is_superuser": false, "first_name": "Intercambiador", "last_name": "Veintisiete", "dni": "27272727", "email": "intercambiador27@yopmail.com", "date_of_birth": "2007-03-27", "phone_number": "4827484756", "rejected_posts": 0, "score": 0, "id_subsidiary": null, "failed_login_attempts": 0, "is_staff": false, "is_active": true, "state": 3, "gender": "MALE", "role": "EXCHANGER", "groups": [], "user_permissions": []}}, {"model": "user.useraccount", "pk": 138, "fields": {"password": "482c811da5d5b4bc6d497ffa98491e38", "last_login": null, "is_superuser": false, "first_name": "Intercambiador", "last_name": "Veintiocho", "dni": "28282828", "email": "intercambiador28@yopmail.com", "date_of_birth": "2008-04-28", "phone_number": "4827484757", "rejected_posts": 0, "score": 0, "id_subsidiary": null, "failed_login_attempts": 0, "is_staff": false, "is_active": true, "state": 3, "gender": "FEMALE", "role": "EXCHANGER", "groups": [], "user_permissions": []}}, {"model": "user.useraccount", "pk": 139, "fields": {"password": "482c811da5d5b4bc6d497ffa98491e38", "last_login": null, "is_superuser": false, "first_name": "Intercambiador", "last_name": "Veintinueve", "dni": "29292929", "email": "intercambiador29@yopmail.com", "date_of_birth": "2009-05-29", "phone_number": "4827484758", "rejected_posts": 0, "score": 0, "id_subsidiary": null, "failed_login_attempts": 0, "is_staff": false, "is_active": true, "state": 3, "gender": "MALE", "role": "EXCHANGER", "groups": [], "user_permissions": []}}, {"model": "user.useraccount", "pk": 140, "fields": {"password": "482c811da5d5b4bc6d497ffa98491e38", "last_login": null, "is_superuser": false, "first_name": "Intercambiador", "last_name": "Treinta", "dni": "30303033", "email": "intercambiador30@yopmail.com", "date_of_birth": "2010-06-30", "phone_number": "4827484759", "rejected_posts": 0, "score": 0, "id_subsidiary": null, "failed_login_attempts": 0, "is_staff": false, "is_active": true, "state": 3, "gender": "FEMALE", "role": "EXCHANGER", "groups": [], "user_permissions": []}}, {"model": "user.useraccount", "pk": 141, "fields": {"password": "482c811da5d5b4bc6d497ffa98491e38", "last_login": null, "is_superuser": false, "first_name": "Intercambiador", "last_name": "Treinta y Uno", "dni": "31313131", "email": "intercambiador31@yopmail.com", "date_of_birth": "2011-07-31", "phone_number": "4827484760", "rejected_posts": 0, "score": 0, "id_subsidiary": null, "failed_login_attempts": 0, "is_staff": false, "is_active": true, "state": 3, "gender": "MALE", "role": "EXCHANGER", "groups": [], "user_permissions": []}}, {"model": "user.useraccount", "pk": 142, "fields": {"password": "482c811da5d5b4bc6d497ffa98491e38", "last_login": null, "is_superuser": false, "first_name": "Intercambiador", "last_name": "Treinta y Dos", "dni": "32323232", "email": "intercambiador32@yopmail.com", "date_of_birth": "2012-08-01", "phone_number": "4827484761", "rejected_posts": 0, "score": 0, "id_subsidiary": null, "failed_login_attempts": 0, "is_staff": false, "is_active": true, "state": 3, "gender": "FEMALE", "role": "EXCHANGER", "groups": [], "user_permissions": []}}, {"model": "user.useraccount", "pk": 143, "fields": {"password": "482c811da5d5b4bc6d497ffa98491e38", "last_login": null, "is_superuser": false, "first_name": "Intercambiador", "last_name": "Treinta y Tres", "dni": "33333333", "email": "intercambiador33@yopmail.com", "date_of_birth": "2013-09-02", "phone_number": "4827484762", "rejected_posts": 0, "score": 0, "id_subsidiary": null, "failed_login_attempts": 0, "is_staff": false, "is_active": true, "state": 3, "gender": "MALE", "role": "EXCHANGER", "groups": [], "user_permissions": []}}, {"model": "user.useraccount", "pk": 144, "fields": {"password": "482c811da5d5b4bc6d497ffa98491e38", "last_login": null, "is_superuser": false, "first_name": "Intercambiador", "last_name": "Treinta y Cuatro", "dni": "34343434", "email": "intercambiador34@yopmail.com", "date_of_birth": "2014-10-03", "phone_number": "4827484763", "rejected_posts": 0, "score": 0, "id_subsidiary": null, "failed_login_attempts": 0, "is_staff": false, "is_active": true, "state": 3, "gender": "FEMALE", "role": "EXCHANGER", "groups": [], "user_permissions": []}}, {"model": "user.useraccount", "pk": 145, "fields": {"password": "482c811da5d5b4bc6d497ffa98491e38", "last_login": null, "is_superuser": false, "first_name": "Intercambiador", "last_name": "Treinta y Cinco", "dni": "35353535", "email": "intercambiador35@yopmail.com", "date_of_birth": "2015-11-04", "phone_number": "4827484764", "rejected_posts": 0, "score": 0, "id_subsidiary": null, "failed_login_attempts": 0, "is_staff": false, "is_active": true, "state": 3, "gender": "MALE", "role": "EXCHANGER", "groups": [], "user_permissions": []}}, {"model": "user.useraccount", "pk": 146, "fields": {"password": "482c811da5d5b4bc6d497ffa98491e38", "last_login": null, "is_superuser": false, "first_name": "Intercambiador", "last_name": "Treinta y Seis", "dni": "36363636", "email": "intercambiador36@yopmail.com", "date_of_birth": "2016-12-05", "phone_number": "4827484765", "rejected_posts": 0, "score": 0, "id_subsidiary": null, "failed_login_attempts": 0, "is_staff": false, "is_active": true, "state": 3, "gender": "FEMALE", "role": "EXCHANGER", "groups": [], "user_permissions": []}}, {"model": "user.useraccount", "pk": 147, "fields": {"password": "482c811da5d5b4bc6d497ffa98491e38", "last_login": null, "is_superuser": false, "first_name": "Intercambiador", "last_name": "Treinta y Siete", "dni": "37373737", "email": "intercambiador37@yopmail.com", "date_of_birth": "2017-01-06", "phone_number": "4827484766", "rejected_posts": 0, "score": 0, "id_subsidiary": null, "failed_login_attempts": 0, "is_staff": false, "is_active": true, "state": 3, "gender": "MALE", "role": "EXCHANGER", "groups": [], "user_permissions": []}}, {"model": "user.useraccount", "pk": 148, "fields": {"password": "482c811da5d5b4bc6d497ffa98491e38", "last_login": null, "is_superuser": false, "first_name": "Intercambiador", "last_name": "Treinta y Ocho", "dni": "38383838", "email": "intercambiador38@yopmail.com", "date_of_birth": "2018-02-07", "phone_number": "4827484767", "rejected_posts": 0, "score": 0, "id_subsidiary": null, "failed_login_attempts": 0, "is_staff": false, "is_active": true, "state": 3, "gender": "FEMALE", "role": "EXCHANGER", "groups": [], "user_permissions": []}}, {"model": "user.useraccount", "pk": 149, "fields": {"password": "482c811da5d5b4bc6d497ffa98491e38", "last_login": null, "is_superuser": false, "first_name": "Intercambiador", "last_name": "Treinta y Nueve", "dni": "39393939", "email": "intercambiador39@yopmail.com", "date_of_birth": "2019-03-08", "phone_number": "4827484768", "rejected_posts": 0, "score": 0, "id_subsidiary": null, "failed_login_attempts": 0, "is_staff": false, "is_active": true, "state": 3, "gender": "MALE", "role": "EXCHANGER", "groups": [], "user_permissions": []}}, {"model": "user.useraccount", "pk": 150, "fields": {"password": "482c811da5d5b4bc6d497ffa98491e38", "last_login": null, "is_superuser": false, "first_name": "Intercambiador", "last_name": "Cuarenta", "dni": "40404044", "email": "intercambiador40@yopmail.com", "date_of_birth": "2020-04-09", "phone_number": "4827484769", "rejected_posts": 0, "score": 0, "id_subsidiary": null, "failed_login_attempts": 0, "is_staff": false, "is_active": true, "state": 3, "gender": "FEMALE", "role": "EXCHANGER", "groups": [], "user_permissions": []}}, {"model": "user.useraccount", "pk": 151, "fields": {"password": "482c811da5d5b4bc6d497ffa98491e38", "last_login": null, "is_superuser": false, "first_name": "Intercambiador", "last_name": "Cuarenta y Uno", "dni": "41414141", "email": "intercambiador41@yopmail.com", "date_of_birth": "2021-05-10", "phone_number": "4827484770", "rejected_posts": 0, "score": 0, "id_subsidiary": null, "failed_login_attempts": 0, "is_staff": false, "is_active": true, "state": 3, "gender": "MALE", "role": "EXCHANGER", "groups": [], "user_permissions": []}}, {"model": "user.useraccount", "pk": 152, "fields": {"password": "482c811da5d5b4bc6d497ffa98491e38", "last_login": null, "is_superuser": false, "first_name": "Intercambiador", "last_name": "Cuarenta y Dos", "dni": "42424242", "email": "intercambiador42@yopmail.com", "date_of_birth": "2022-06-11", "phone_number": "4827484771", "rejected_posts": 0, "score": 0, "id_subsidiary": null, "failed_login_attempts": 0, "is_staff": false, "is_active": true, "state": 3, "gender": "FEMALE", "role": "EXCHANGER", "groups": [], "user_permissions": []}}, {"model": "user.useraccount", "pk": 153, "fields": {"password": "482c811da5d5b4bc6d497ffa98491e38", "last_login": null, "is_superuser": false, "first_name": "Intercambiador", "last_name": "Cincuenta y Tres", "dni": "53535353", "email": "intercambiador53@yopmail.com", "date_of_birth": "2000-06-11", "phone_number": "4827484771", "rejected_posts": 0, "score": 0, "id_subsidiary": null, "failed_login_attempts": 0, "is_staff": false, "is_active": true, "state": 3, "gender": "FEMALE", "role": "EXCHANGER", "groups": [], "user_permissions": []}}, {"model": "user.useraccount", "pk": 154, "fields": {"password": "482c811da5d5b4bc6d497ffa98491e38", "last_login": null, "is_superuser": false, "first_name": "Intercambiador", "last_name": " para borrar", "dni": "54545454", "email": "intercambiador54@yopmail.com", "date_of_birth": "2000-06-11", "phone_number": "4827484771", "rejected_posts": 0, "score": 0, "id_subsidiary": null, "failed_login_attempts": 0, "is_staff": false, "is_active": true, "state": 5, "gender": "MALE", "role": "EXCHANGER", "groups": [], "user_permissions": []}}, {"model": "rating.rating", "pk": 1, "fields": {"score": 5.0, "comment": "Bienvenido a SwapIt!", "user_maker": 1, "user_received": 101, "checked": true}}, {"model": "rating.rating", "pk": 2, "fields": {"score": 5.0, "comment": "Bienvenido a SwapIt!", "user_maker": 1, "user_received": 102, "checked": true}}, {"model": "rating.rating", "pk": 3, "fields": {"score": 5.0, "comment": "Bienvenido a SwapIt!", "user_maker": 1, "user_received": 103, "checked": true}}, {"model": "rating.rating", "pk": 4, "fields": {"score": 5.0, "comment": "Bienvenido a SwapIt!", "user_maker": 1, "user_received": 104, "checked": true}}, {"model": "rating.rating", "pk": 5, "fields": {"score": 5.0, "comment": "Bienvenido a SwapIt!", "user_maker": 1, "user_received": 105, "checked": true}}, {"model": "rating.rating", "pk": 6, "fields": {"score": 5.0, "comment": "Bienvenido a SwapIt!", "user_maker": 1, "user_received": 106, "checked": true}}, {"model": "rating.rating", "pk": 7, "fields": {"score": 5.0, "comment": "Bienvenido a SwapIt!", "user_maker": 1, "user_received": 107, "checked": true}}, {"model": "rating.rating", "pk": 8, "fields": {"score": 5.0, "comment": "Bienvenido a SwapIt!", "user_maker": 1, "user_received": 108, "checked": true}}, {"model": "rating.rating", "pk": 9, "fields": {"score": 5.0, "comment": "Bienvenido a SwapIt!", "user_maker": 1, "user_received": 109, "checked": true}}, {"model": "rating.rating", "pk": 10, "fields": {"score": 5.0, "comment": "Bienvenido a SwapIt!", "user_maker": 1, "user_received": 110, "checked": true}}, {"model": "rating.rating", "pk": 11, "fields": {"score": 5.0, "comment": "Bienvenido a SwapIt!", "user_maker": 1, "user_received": 111, "checked": true}}, {"model": "rating.rating", "pk": 12, "fields": {"score": 5.0, "comment": "Bienvenido a SwapIt!", "user_maker": 1, "user_received": 112, "checked": true}}, {"model": "rating.rating", "pk": 13, "fields": {"score": 5.0, "comment": "Bienvenido a SwapIt!", "user_maker": 1, "user_received": 113, "checked": true}}, {"model": "rating.rating", "pk": 14, "fields": {"score": 5.0, "comment": "Bienvenido a SwapIt!", "user_maker": 1, "user_received": 114, "checked": true}}, {"model": "rating.rating", "pk": 15, "fields": {"score": 5.0, "comment": "Bienvenido a SwapIt!", "user_maker": 1, "user_received": 115, "checked": true}}, {"model": "rating.rating", "pk": 16, "fields": {"score": 5.0, "comment": "Bienvenido a SwapIt!", "user_maker": 1, "user_received": 116, "checked": true}}, {"model": "rating.rating", "pk": 17, "fields": {"score": 5.0, "comment": "Bienvenido a SwapIt!", "user_maker": 1, "user_received": 117, "checked": true}}, {"model": "rating.rating", "pk": 18, "fields": {"score": 5.0, "comment": "Bienvenido a SwapIt!", "user_maker": 1, "user_received": 118, "checked": true}}, {"model": "rating.rating", "pk": 19, "fields": {"score": 5.0, "comment": "Bienvenido a SwapIt!", "user_maker": 1, "user_received": 119, "checked": true}}, {"model": "rating.rating", "pk": 20, "fields": {"score": 5.0, "comment": "Bienvenido a SwapIt!", "user_maker": 1, "user_received": 120, "checked": true}}, {"model": "rating.rating", "pk": 21, "fields": {"score": 5.0, "comment": "Bienvenido a SwapIt!", "user_maker": 1, "user_received": 121, "checked": true}}, {"model": "rating.rating", "pk": 22, "fields": {"score": 5.0, "comment": "Bienvenido a SwapIt!", "user_maker": 1, "user_received": 122, "checked": true}}, {"model": "rating.rating", "pk": 23, "fields": {"score": 5.0, "comment": "Bienvenido a SwapIt!", "user_maker": 1, "user_received": 123, "checked": true}}, {"model": "rating.rating", "pk": 24, "fields": {"score": 5.0, "comment": "Bienvenido a SwapIt!", "user_maker": 1, "user_received": 124, "checked": true}}, {"model": "rating.rating", "pk": 25, "fields": {"score": 5.0, "comment": "Bienvenido a SwapIt!", "user_maker": 1, "user_received": 125, "checked": true}}, {"model": "rating.rating", "pk": 26, "fields": {"score": 5.0, "comment": "Bienvenido a SwapIt!", "user_maker": 1, "user_received": 126, "checked": true}}, {"model": "rating.rating", "pk": 27, "fields": {"score": 5.0, "comment": "Bienvenido a SwapIt!", "user_maker": 1, "user_received": 127, "checked": true}}, {"model": "rating.rating", "pk": 28, "fields": {"score": 5.0, "comment": "Bienvenido a SwapIt!", "user_maker": 1, "user_received": 128, "checked": true}}, {"model": "rating.rating", "pk": 29, "fields": {"score": 5.0, "comment": "Bienvenido a SwapIt!", "user_maker": 1, "user_received": 129, "checked": true}}, {"model": "rating.rating", "pk": 30, "fields": {"score": 5.0, "comment": "Bienvenido a SwapIt!", "user_maker": 1, "user_received": 130, "checked": true}}, {"model": "rating.rating", "pk": 31, "fields": {"score": 5.0, "comment": "Bienvenido a SwapIt!", "user_maker": 1, "user_received": 131, "checked": true}}, {"model": "rating.rating", "pk": 32, "fields": {"score": 5.0, "comment": "Bienvenido a SwapIt!", "user_maker": 1, "user_received": 132, "checked": true}}, {"model": "rating.rating", "pk": 33, "fields": {"score": 5.0, "comment": "Bienvenido a SwapIt!", "user_maker": 1, "user_received": 133, "checked": true}}, {"model": "rating.rating", "pk": 34, "fields": {"score": 5.0, "comment": "Bienvenido a SwapIt!", "user_maker": 1, "user_received": 134, "checked": true}}, {"model": "rating.rating", "pk": 35, "fields": {"score": 5.0, "comment": "Bienvenido a SwapIt!", "user_maker": 1, "user_received": 135, "checked": true}}, {"model": "rating.rating", "pk": 36, "fields": {"score": 5.0, "comment": "Bienvenido a SwapIt!", "user_maker": 1, "user_received": 136, "checked": true}}, {"model": "rating.rating", "pk": 37, "fields": {"score": 5.0, "comment": "Bienvenido a SwapIt!", "user_maker": 1, "user_received": 137, "checked": true}}, {"model": "rating.rating", "pk": 38, "fields": {"score": 5.0, "comment": "Bienvenido a SwapIt!", "user_maker": 1, "user_received": 138, "checked": true}}, {"model": "rating.rating", "pk": 39, "fields": {"score": 5.0, "comment": "Bienvenido a SwapIt!", "user_maker": 1, "user_received": 139, "checked": true}}, {"model": "rating.rating", "pk": 40, "fields": {"score": 5.0, "comment": "Bienvenido a SwapIt!", "user_maker": 1, "user_received": 140, "checked": true}}, {"model": "rating.rating", "pk": 41, "fields": {"score": 5.0, "comment": "Bienvenido a SwapIt!", "user_maker": 1, "user_received": 141, "checked": true}}, {"model": "rating.rating", "pk": 42, "fields": {"score": 5.0, "comment": "Bienvenido a SwapIt!", "user_maker": 1, "user_received": 142, "checked": true}}, {"model": "rating.rating", "pk": 43, "fields": {"score": 5.0, "comment": "Bienvenido a SwapIt!", "user_maker": 1, "user_received": 143, "checked": true}}, {"model": "rating.rating", "pk": 44, "fields": {"score": 5.0, "comment": "Bienvenido a SwapIt!", "user_maker": 1, "user_received": 144, "checked": true}}, {"model": "rating.rating", "pk": 45, "fields": {"score": 5.0, "comment": "Bienvenido a SwapIt!", "user_maker": 1, "user_received": 145, "checked": true}}, {"model": "rating.rating", "pk": 46, "fields": {"score": 5.0, "comment": "Bienvenido a SwapIt!", "user_maker": 1, "user_received": 146, "checked": true}}, {"model": "rating.rating", "pk": 47, "fields": {"score": 5.0, "comment": "Bienvenido a SwapIt!", "user_maker": 1, "user_received": 147, "checked": true}}, {"model": "rating.rating", "pk": 48, "fields": {"score": 5.0, "comment": "Bienvenido a SwapIt!", "user_maker": 1, "user_received": 148, "checked": true}}, {"model": "rating.rating", "pk": 49, "fields": {"score": 5.0, "comment": "Bienvenido a SwapIt!", "user_maker": 1, "user_received": 149, "checked": true}}, {"model": "rating.rating", "pk": 50, "fields": {"score": 5.0, "comment": "Bienvenido a SwapIt!", "user_maker": 1, "user_received": 150, "checked": true}}, {"model": "rating.rating", "pk": 51, "fields": {"score": 5.0, "comment": "Bienvenido a SwapIt!", "user_maker": 1, "user_received": 151, "checked": true}}, {"model": "rating.rating", "pk": 52, "fields": {"score": 5.0, "comment": "Bienvenido a SwapIt!", "user_maker": 1, "user_received": 152, "checked": true}}, {"model": "rating.rating", "pk": 53, "fields": {"score": 2.0, "comment": "Este comentario ha sido eliminado por un administrador.", "user_maker": 150, "user_received": 153, "checked": true}}, {"model": "rating.rating", "pk": 54, "fields": {"score": 2.0, "comment": "Este comentario ha sido eliminado por un administrador.", "user_maker": 153, "user_received": 150, "checked": true}}, {"model": "turn.turnstate", "pk": 1, "fields": {"name": "pendiente"}}, {"model": "turn.turnstate", "pk": 2, "fields": {"name": "efectuado"}}, {"model": "turn.turnstate", "pk": 3, "fields": {"name": "no efectuado"}}, {"model": "turn.turnstate", "pk": 4, "fields": {"name": "sin calificar"}}, {"model": "turn.turn", "pk": 55, "fields": {"code_maker": "M-000001", "code_received": "R-000001", "state": 3, "subsidiary": 1, "user_maker": 154, "user_received": 101, "post_maker": 265, "post_receive": 6, "day_of_turn": null}}, {"model": "app_post.category", "pk": 1, "fields": {"name": "útiles escolares", "active": true, "score": 50}}, {"model": "app_post.category", "pk": 2, "fields": {"name": "vestimenta", "active": true, "score": 10}}, {"model": "app_post.category", "pk": 3, "fields": {"name": "alimentos", "active": true, "score": 10}}, {"model": "app_post.category", "pk": 4, "fields": {"name": "elementos de limpieza", "active": true, "score": 10}}, {"model": "app_post.category", "pk": 5, "fields": {"name": "herramientas", "active": true, "score": 10}}, {"model": "app_post.category", "pk": 6, "fields": {"name": "categoria_pausar", "active": true, "score": 1}}, {"model": "app_post.poststate", "pk": 1, "fields": {"name": "activo"}}, {"model": "app_post.poststate", "pk": 2, "fields": {"name": "pendiente"}}, {"model": "app_post.poststate", "pk": 3, "fields": {"name": "suspendido"}}, {"model": "app_post.poststate", "pk": 4, "fields": {"name": "bloqueado"}}, {"model": "app_post.poststate", "pk": 5, "fields": {"name": "eliminado"}}, {"model": "app_post.poststate", "pk": 6, "fields": {"name": "rechazado"}}, {"model": "app_post.poststate", "pk": 7, "fields": {"name": "sin-stock"}}, {"model": "app_post.post", "pk": 1, "fields": {"name": "Camperón de hombre", "description": "Camperón XL con bolsillos dentro y forro interior extraíble, excelente estado\nMedidas:\n- sisa: 65 cm\n- largo: 88 cm\n- manga: 61 cm", "value": 4, "stock_product": 1, "user": 103, "subsidiary": 1, "state": 1, "category": 2, "state_product": "USADO", "image_1": "post_images/default.jpg", "image_2": "post_images/default.jpg", "image_3": "post_images/default.jpg", "image_4": "", "image_5": ""}}, {"model": "app_post.post", "pk": 2, "fields": {"name": "Camisa de mujer", "description": "Camisa L de algodón, en muy buen estado\nMedidas:\n- sisa: 50 cm\n- largo: 70 cm\n- manga: 55 cm", "value": 3, "stock_product": 1, "user": 104, "subsidiary": 1, "state": 1, "category": 2, "state_product": "USADO", "image_1": "post_images/default.jpg", "image_2": "post_images/default.jpg", "image_3": "post_images/default.jpg", "image_4": "", "image_5": ""}}, {"model": "app_post.post", "pk": 3, "fields": {"name": "Pantalones de hombre", "description": "Pantalones de jean talla 42, en buen estado\nMedidas:\n- cintura: 90 cm\n- largo: 110 cm", "value": 2, "stock_product": 1, "user": 105, "subsidiary": 1, "state": 5, "category": 2, "state_product": "USADO", "image_1": "post_images/default.jpg", "image_2": "post_images/default.jpg", "image_3": "", "image_4": "", "image_5": ""}}, {"model": "app_post.post", "pk": 4, "fields": {"name": "Zapatos de mujer", "description": "Zapatos talla 38, en excelente estado", "value": 5, "stock_product": 1, "user": 106, "subsidiary": 1, "state": 5, "category": 2, "state_product": "NUEVO", "image_1": "post_images/default.jpg", "image_2": "", "image_3": "", "image_4": "", "image_5": ""}}, {"model": "app_post.post", "pk": 5, "fields": {"name": "Herramienta multiusos", "description": "Herramienta multiusos en buen estado, ideal para trabajos de bricolaje", "value": 3, "stock_product": 1, "user": 107, "subsidiary": 1, "state": 1, "category": 5, "state_product": "USADO", "image_1": "post_images/default.jpg", "image_2": "post_images/default.jpg", "image_3": "", "image_4": "", "image_5": ""}}, {"model": "app_post.post", "pk": 6, "fields": {"name": "Mochila escolar", "description": "Mochila escolar en buen estado, con varios compartimentos", "value": 2, "stock_product": 2, "user": 101, "subsidiary": 1, "state": 1, "category": 1, "state_product": "USADO", "image_1": "post_images/default.jpg", "image_2": "post_images/default.jpg", "image_3": "", "image_4": "", "image_5": ""}}, {"model": "app_post.post", "pk": 7, "fields": {"name": "Camiseta deportiva", "description": "Camiseta deportiva talla M, en buen estado", "value": 1, "stock_product": 1, "user": 102, "subsidiary": 1, "state": 1, "category": 2, "state_product": "USADO", "image_1": "post_images/default.jpg", "image_2": "post_images/default.jpg", "image_3": "", "image_4": "", "image_5": ""}}, {"model": "app_post.post", "pk": 8, "fields": {"name": "Herramienta de jardinería", "description": "Herramienta de jardinería en buen estado", "value": 4, "stock_product": 1, "user": 103, "subsidiary": 1, "state": 1, "category": 5, "state_product": "USADO", "image_1": "post_images/default.jpg", "image_2": "post_images/default.jpg", "image_3": "", "image_4": "", "image_5": ""}}, {"model": "app_post.post", "pk": 9, "fields": {"name": "Libro de texto", "description": "Libro de texto en buen estado, ideal para estudiantes de secundaria", "value": 1, "stock_product": 1, "user": 104, "subsidiary": 1, "state": 2, "category": 1, "state_product": "USADO", "image_1": "post_images/default.jpg", "image_2": "post_images/default.jpg", "image_3": "", "image_4": "", "image_5": ""}}, {"model": "app_post.post", "pk": 10, "fields": {"name": "Set de limpieza", "description": "Set de limpieza nuevo, incluye escoba, recogedor y fregona", "value": 5, "stock_product": 1, "user": 105, "subsidiary": 1, "state": 5, "category": 4, "state_product": "NUEVO", "image_1": "post_images/default.jpg", "image_2": "post_images/default.jpg", "image_3": "", "image_4": "", "image_5": ""}}, {"model": "app_post.post", "pk": 11, "fields": {"name": "Mesa de camping", "description": "Mesa plegable de camping, en buen estado", "value": 3, "stock_product": 1, "user": 106, "subsidiary": 1, "state": 5, "category": 5, "state_product": "USADO", "image_1": "post_images/default.jpg", "image_2": "post_images/default.jpg", "image_3": "", "image_4": "", "image_5": ""}}, {"model": "app_post.post", "pk": 12, "fields": {"name": "Silla de oficina", "description": "Silla de oficina ergonómica, en buen estado", "value": 4, "stock_product": 1, "user": 107, "subsidiary": 1, "state": 3, "category": 5, "state_product": "USADO", "image_1": "post_images/default.jpg", "image_2": "post_images/default.jpg", "image_3": "", "image_4": "", "image_5": ""}}, {"model": "app_post.post", "pk": 13, "fields": {"name": "Cafetera", "description": "Cafetera de cápsulas, en excelente estado", "value": 5, "stock_product": 1, "user": 101, "subsidiary": 1, "state": 3, "category": 5, "state_product": "NUEVO", "image_1": "post_images/default.jpg", "image_2": "", "image_3": "", "image_4": "", "image_5": ""}}, {"model": "app_post.post", "pk": 14, "fields": {"name": "Camperón de mujer", "description": "Camperón L con bolsillos, en excelente estado", "value": 4, "stock_product": 1, "user": 102, "subsidiary": 1, "state": 3, "category": 2, "state_product": "USADO", "image_1": "post_images/default.jpg", "image_2": "post_images/default.jpg", "image_3": "", "image_4": "", "image_5": ""}}, {"model": "app_post.post", "pk": 15, "fields": {"name": "Microondas", "description": "Microondas en buen estado, poco uso", "value": 3, "stock_product": 1, "user": 103, "subsidiary": 1, "state": 4, "category": 5, "state_product": "USADO", "image_1": "post_images/default.jpg", "image_2": "", "image_3": "", "image_4": "", "image_5": ""}}, {"model": "app_post.post", "pk": 16, "fields": {"name": "Televisor", "description": "Televisor LED 32 pulgadas, en buen estado", "value": 4, "stock_product": 1, "user": 104, "subsidiary": 1, "state": 4, "category": 5, "state_product": "USADO", "image_1": "post_images/default.jpg", "image_2": "", "image_3": "", "image_4": "", "image_5": ""}}, {"model": "app_post.post", "pk": 17, "fields": {"name": "Computadora portátil", "description": "Laptop en buen estado, ideal para uso diario", "value": 5, "stock_product": 1, "user": 105, "subsidiary": 1, "state": 5, "category": 5, "state_product": "USADO", "image_1": "post_images/default.jpg", "image_2": "post_images/default.jpg", "image_3": "", "image_4": "", "image_5": ""}}, {"model": "app_post.post", "pk": 18, "fields": {"name": "Auriculares", "description": "Auriculares inalámbricos, en excelente estado", "value": 3, "stock_product": 1, "user": 106, "subsidiary": 1, "state": 5, "category": 5, "state_product": "NUEVO", "image_1": "post_images/default.jpg", "image_2": "", "image_3": "", "image_4": "", "image_5": ""}}, {"model": "app_post.post", "pk": 19, "fields": {"name": "Botas de trekking", "description": "Botas de trekking talla 42, en buen estado", "value": 4, "stock_product": 1, "user": 107, "subsidiary": 1, "state": 5, "category": 2, "state_product": "USADO", "image_1": "post_images/default.jpg", "image_2": "", "image_3": "", "image_4": "", "image_5": ""}}, {"model": "app_post.post", "pk": 20, "fields": {"name": "Cochecito de bebé", "description": "Cochecito de bebé en buen estado", "value": 3, "stock_product": 1, "user": 101, "subsidiary": 1, "state": 6, "category": 2, "state_product": "USADO", "image_1": "post_images/default.jpg", "image_2": "", "image_3": "", "image_4": "", "image_5": ""}}, {"model": "app_post.post", "pk": 21, "fields": {"name": "Escritorio", "description": "Escritorio en buen estado, con cajones", "value": 4, "stock_product": 1, "user": 102, "subsidiary": 1, "state": 6, "category": 5, "state_product": "USADO", "image_1": "post_images/default.jpg", "image_2": "", "image_3": "", "image_4": "", "image_5": ""}}, {"model": "app_post.post", "pk": 22, "fields": {"name": "Bicicleta", "description": "Bicicleta de montaña en buen estado", "value": 5, "stock_product": 0, "user": 103, "subsidiary": 1, "state": 7, "category": 5, "state_product": "USADO", "image_1": "post_images/default.jpg", "image_2": "", "image_3": "", "image_4": "", "image_5": ""}}, {"model": "app_post.post", "pk": 23, "fields": {"name": "Tablet", "description": "Tablet en buen estado, ideal para lectura", "value": 3, "stock_product": 0, "user": 104, "subsidiary": 1, "state": 7, "category": 5, "state_product": "USADO", "image_1": "post_images/default.jpg", "image_2": "", "image_3": "", "image_4": "", "image_5": ""}}, {"model": "app_post.post", "pk": 24, "fields": {"name": "Juguete educativo", "description": "Juguete educativo en excelente estado, ideal para niños", "value": 4, "stock_product": 2, "user": 105, "subsidiary": 1, "state": 5, "category": 1, "state_product": "NUEVO", "image_1": "post_images/default.jpg", "image_2": "", "image_3": "", "image_4": "", "image_5": ""}}, {"model": "app_post.post", "pk": 25, "fields": {"name": "Zapatillas deportivas", "description": "Zapatillas deportivas talla 40, en excelente estado", "value": 4, "stock_product": 0, "user": 111, "subsidiary": 1, "state": 5, "category": 2, "state_product": "USADO", "image_1": "post_images/default.jpg", "image_2": "post_images/default.jpg", "image_3": "post_images/default.jpg", "image_4": "", "image_5": ""}}, {"model": "app_post.post", "pk": 26, "fields": {"name": "Guitarra acústica", "description": "Guitarra acústica en buen estado, incluye funda", "value": 5, "stock_product": 1, "user": 111, "subsidiary": 1, "state": 5, "category": 5, "state_product": "USADO", "image_1": "post_images/default.jpg", "image_2": "post_images/default.jpg", "image_3": "", "image_4": "", "image_5": ""}}, {"model": "app_post.post", "pk": 27, "fields": {"name": "Cámara fotográfica", "description": "Cámara digital en buen estado, poco uso", "value": 3, "stock_product": 0, "user": 111, "subsidiary": 1, "state": 5, "category": 5, "state_product": "USADO", "image_1": "post_images/default.jpg", "image_2": "", "image_3": "", "image_4": "", "image_5": ""}}, {"model": "app_post.post", "pk": 28, "fields": {"name": "Chaqueta de cuero", "description": "Chaqueta de cuero talla M, en buen estado", "value": 4, "stock_product": 0, "user": 111, "subsidiary": 1, "state": 5, "category": 2, "state_product": "USADO", "image_1": "post_images/default.jpg", "image_2": "post_images/default.jpg", "image_3": "", "image_4": "", "image_5": ""}}, {"model": "app_post.post", "pk": 29, "fields": {"name": "Teléfono móvil", "description": "Teléfono móvil en buen estado, incluye cargador", "value": 5, "stock_product": 0, "user": 111, "subsidiary": 1, "state": 5, "category": 5, "state_product": "USADO", "image_1": "post_images/default.jpg", "image_2": "", "image_3": "", "image_4": "", "image_5": ""}}, {"model": "app_post.post", "pk": 30, "fields": {"name": "Patines en línea", "description": "Patines en línea talla 42, en buen estado", "value": 3, "stock_product": 0, "user": 111, "subsidiary": 1, "state": 5, "category": 2, "state_product": "USADO", "image_1": "post_images/default.jpg", "image_2": "post_images/default.jpg", "image_3": "post_images/default.jpg", "image_4": "", "image_5": ""}}, {"model": "app_post.post", "pk": 31, "fields": {"name": "Juego de herramientas", "description": "Juego de herramientas completo, en buen estado", "value": 4, "stock_product": 0, "user": 111, "subsidiary": 1, "state": 5, "category": 5, "state_product": "USADO", "image_1": "post_images/default.jpg", "image_2": "post_images/default.jpg", "image_3": "post_images/default.jpg", "image_4": "post_images/default.jpg", "image_5": "post_images/default.jpg"}}, {"model": "app_post.post", "pk": 32, "fields": {"name": "Saco de dormir", "description": "Saco de dormir en buen estado, ideal para camping", "value": 3, "stock_product": 0, "user": 111, "subsidiary": 1, "state": 5, "category": 2, "state_product": "USADO", "image_1": "post_images/default.jpg", "image_2": "", "image_3": "", "image_4": "", "image_5": ""}}, {"model": "app_post.post", "pk": 33, "fields": {"name": "Set de platos", "description": "Set de platos de porcelana, en buen estado", "value": 4, "stock_product": 0, "user": 111, "subsidiary": 1, "state": 5, "category": 4, "state_product": "USADO", "image_1": "post_images/default.jpg", "image_2": "post_images/default.jpg", "image_3": "post_images/default.jpg", "image_4": "", "image_5": ""}}, {"model": "app_post.post", "pk": 34, "fields": {"name": "Bicicleta de montaña", "description": "Bicicleta de montaña en buen estado, incluye casco", "value": 5, "stock_product": 0, "user": 111, "subsidiary": 1, "state": 5, "category": 5, "state_product": "USADO", "image_1": "post_images/default.jpg", "image_2": "post_images/default.jpg", "image_3": "post_images/default.jpg", "image_4": "post_images/default.jpg", "image_5": "post_images/default.jpg"}}, {"model": "app_post.post", "pk": 35, "fields": {"name": "Conjunto de té", "description": "Conjunto de té de porcelana, en excelente estado", "value": 4, "stock_product": 0, "user": 111, "subsidiary": 1, "state": 5, "category": 4, "state_product": "USADO", "image_1": "post_images/default.jpg", "image_2": "post_images/default.jpg", "image_3": "", "image_4": "", "image_5": ""}}, {"model": "app_post.post", "pk": 36, "fields": {"name": "Cafetera", "description": "Cafetera en buen estado, poco uso", "value": 3, "stock_product": 0, "user": 111, "subsidiary": 1, "state": 5, "category": 4, "state_product": "USADO", "image_1": "post_images/default.jpg", "image_2": "post_images/default.jpg", "image_3": "post_images/default.jpg", "image_4": "", "image_5": ""}}, {"model": "app_post.post", "pk": 37, "fields": {"name": "Raqueta de tenis", "description": "Raqueta de tenis en buen estado, incluye funda", "value": 4, "stock_product": 0, "user": 111, "subsidiary": 1, "state": 5, "category": 5, "state_product": "USADO", "image_1": "post_images/default.jpg", "image_2": "", "image_3": "", "image_4": "", "image_5": ""}}, {"model": "app_post.post", "pk": 38, "fields": {"name": "Mesa de comedor", "description": "Mesa de comedor de madera, en excelente estado", "value": 5, "stock_product": 0, "user": 111, "subsidiary": 1, "state": 5, "category": 4, "state_product": "USADO", "image_1": "post_images/default.jpg", "image_2": "post_images/default.jpg", "image_3": "", "image_4": "", "image_5": ""}}, {"model": "app_post.post", "pk": 39, "fields": {"name": "Silla ergonómica", "description": "Silla ergonómica para oficina, en buen estado", "value": 4, "stock_product": 0, "user": 111, "subsidiary": 1, "state": 5, "category": 5, "state_product": "USADO", "image_1": "post_images/default.jpg", "image_2": "post_images/default.jpg", "image_3": "post_images/default.jpg", "image_4": "", "image_5": ""}}, {"model": "app_post.post", "pk": 40, "fields": {"name": "Lámpara de pie", "description": "Lámpara de pie moderna, en buen estado", "value": 3, "stock_product": 0, "user": 111, "subsidiary": 1, "state": 5, "category": 5, "state_product": "USADO", "image_1": "post_images/default.jpg", "image_2": "", "image_3": "", "image_4": "", "image_5": ""}}, {"model": "app_post.post", "pk": 41, "fields": {"name": "Reloj de pared", "description": "Reloj de pared en buen estado, diseño vintage", "value": 3, "stock_product": 0, "user": 111, "subsidiary": 1, "state": 5, "category": 5, "state_product": "USADO", "image_1": "post_images/default.jpg", "image_2": "post_images/default.jpg", "image_3": "", "image_4": "", "image_5": ""}}, {"model": "app_post.post", "pk": 42, "fields": {"name": "Aspiradora", "description": "Aspiradora en buen estado, funciona perfectamente", "value": 4, "stock_product": 0, "user": 111, "subsidiary": 1, "state": 5, "category": 5, "state_product": "USADO", "image_1": "post_images/default.jpg", "image_2": "post_images/default.jpg", "image_3": "", "image_4": "", "image_5": ""}}, {"model": "app_post.post", "pk": 43, "fields": {"name": "Juego de sábanas", "description": "Juego de sábanas de algodón, en buen estado", "value": 3, "stock_product": 0, "user": 111, "subsidiary": 1, "state": 5, "category": 2, "state_product": "USADO", "image_1": "post_images/default.jpg", "image_2": "", "image_3": "", "image_4": "", "image_5": ""}}, {"model": "app_post.post", "pk": 44, "fields": {"name": "Planta decorativa", "description": "Planta artificial para decoración, en buen estado", "value": 2, "stock_product": 0, "user": 111, "subsidiary": 1, "state": 5, "category": 4, "state_product": "USADO", "image_1": "post_images/default.jpg", "image_2": "", "image_3": "", "image_4": "", "image_5": ""}}, {"model": "app_post.post", "pk": 45, "fields": {"name": "Juego de llaves inglesas", "description": "Juego completo de llaves inglesas, en buen estado", "value": 4, "stock_product": 0, "user": 111, "subsidiary": 1, "state": 5, "category": 5, "state_product": "USADO", "image_1": "post_images/default.jpg", "image_2": "", "image_3": "", "image_4": "", "image_5": ""}}, {"model": "app_post.post", "pk": 46, "fields": {"name": "Libro de cocina", "description": "Libro de cocina con recetas internacionales", "value": 2, "stock_product": 0, "user": 111, "subsidiary": 1, "state": 5, "category": 1, "state_product": "USADO", "image_1": "post_images/default.jpg", "image_2": "", "image_3": "", "image_4": "", "image_5": ""}}, {"model": "app_post.post", "pk": 47, "fields": {"name": "Micrófono de estudio", "description": "Micrófono de condensador, en buen estado", "value": 5, "stock_product": 0, "user": 111, "subsidiary": 1, "state": 5, "category": 5, "state_product": "USADO", "image_1": "post_images/default.jpg", "image_2": "post_images/default.jpg", "image_3": "post_images/default.jpg", "image_4": "", "image_5": ""}}, {"model": "app_post.post", "pk": 48, "fields": {"name": "Smartwatch", "description": "Smartwatch en excelente estado, incluye cargador", "value": 4, "stock_product": 0, "user": 111, "subsidiary": 1, "state": 5, "category": 5, "state_product": "USADO", "image_1": "post_images/default.jpg", "image_2": "post_images/default.jpg", "image_3": "post_images/default.jpg", "image_4": "", "image_5": ""}}, {"model": "app_post.post", "pk": 49, "fields": {"name": "Set de cubiertos", "description": "Set de cubiertos de acero inoxidable, en buen estado", "value": 3, "stock_product": 0, "user": 111, "subsidiary": 1, "state": 5, "category": 4, "state_product": "USADO", "image_1": "post_images/default.jpg", "image_2": "post_images/default.jpg", "image_3": "", "image_4": "", "image_5": ""}}, {"model": "app_post.post", "pk": 50, "fields": {"name": "Cámara GoPro", "description": "Cámara GoPro en excelente estado, con accesorios", "value": 5, "stock_product": 0, "user": 111, "subsidiary": 1, "state": 5, "category": 5, "state_product": "USADO", "image_1": "post_images/default.jpg", "image_2": "post_images/default.jpg", "image_3": "", "image_4": "", "image_5": ""}}, {"model": "app_post.post", "pk": 51, "fields": {"name": "Monitor de computadora", "description": "Monitor de 24 pulgadas en buen estado", "value": 4, "stock_product": 0, "user": 111, "subsidiary": 1, "state": 5, "category": 5, "state_product": "USADO", "image_1": "post_images/default.jpg", "image_2": "", "image_3": "", "image_4": "", "image_5": ""}}, {"model": "app_post.post", "pk": 52, "fields": {"name": "Impresora multifunción", "description": "Impresora multifunción en buen estado, incluye tinta", "value": 4, "stock_product": 0, "user": 111, "subsidiary": 1, "state": 5, "category": 5, "state_product": "USADO", "image_1": "post_images/default.jpg", "image_2": "post_images/default.jpg", "image_3": "post_images/default.jpg", "image_4": "post_images/default.jpg", "image_5": ""}}, {"model": "app_post.post", "pk": 53, "fields": {"name": "Mochila de viaje", "description": "Mochila de viaje de 60 litros, en buen estado", "value": 4, "stock_product": 0, "user": 111, "subsidiary": 1, "state": 5, "category": 2, "state_product": "USADO", "image_1": "post_images/default.jpg", "image_2": "post_images/default.jpg", "image_3": "post_images/default.jpg", "image_4": "", "image_5": ""}}, {"model": "app_post.post", "pk": 54, "fields": {"name": "Parrilla portátil", "description": "Parrilla portátil en buen estado, ideal para camping", "value": 3, "stock_product": 0, "user": 111, "subsidiary": 1, "state": 5, "category": 4, "state_product": "USADO", "image_1": "post_images/default.jpg", "image_2": "post_images/default.jpg", "image_3": "", "image_4": "", "image_5": ""}}, {"model": "app_post.post", "pk": 55, "fields": {"name": "Gafas de sol", "description": "Gafas de sol polarizadas, en excelente estado", "value": 2, "stock_product": 0, "user": 111, "subsidiary": 1, "state": 5, "category": 2, "state_product": "USADO", "image_1": "post_images/default.jpg", "image_2": "post_images/default.jpg", "image_3": "", "image_4": "", "image_5": ""}}, {"model": "app_post.post", "pk": 56, "fields": {"name": "Taladro inalámbrico", "description": "Taladro inalámbrico con batería recargable, en buen estado", "value": 4, "stock_product": 0, "user": 111, "subsidiary": 1, "state": 5, "category": 5, "state_product": "USADO", "image_1": "post_images/default.jpg", "image_2": "", "image_3": "", "image_4": "", "image_5": ""}}, {"model": "app_post.post", "pk": 57, "fields": {"name": "Licuadora", "description": "Licuadora en buen estado, poco uso", "value": 3, "stock_product": 0, "user": 111, "subsidiary": 1, "state": 5, "category": 4, "state_product": "USADO", "image_1": "post_images/default.jpg", "image_2": "post_images/default.jpg", "image_3": "post_images/default.jpg", "image_4": "", "image_5": ""}}, {"model": "app_post.post", "pk": 58, "fields": {"name": "Bicicleta estática", "description": "Bicicleta estática en buen estado, ideal para ejercicio en casa", "value": 5, "stock_product": 0, "user": 111, "subsidiary": 1, "state": 5, "category": 2, "state_product": "USADO", "image_1": "post_images/default.jpg", "image_2": "post_images/default.jpg", "image_3": "", "image_4": "", "image_5": ""}}, {"model": "app_post.post", "pk": 59, "fields": {"name": "Parlantes Bluetooth", "description": "Parlantes Bluetooth portátiles, en buen estado", "value": 4, "stock_product": 0, "user": 111, "subsidiary": 1, "state": 5, "category": 5, "state_product": "USADO", "image_1": "post_images/default.jpg", "image_2": "post_images/default.jpg", "image_3": "post_images/default.jpg", "image_4": "", "image_5": ""}}, {"model": "app_post.post", "pk": 60, "fields": {"name": "Juego de maletas", "description": "Juego de maletas de viaje, en buen estado", "value": 4, "stock_product": 0, "user": 111, "subsidiary": 1, "state": 5, "category": 2, "state_product": "USADO", "image_1": "post_images/default.jpg", "image_2": "", "image_3": "", "image_4": "", "image_5": ""}}, {"model": "app_post.post", "pk": 61, "fields": {"name": "Estufa eléctrica", "description": "Estufa eléctrica en buen estado, poco uso", "value": 3, "stock_product": 0, "user": 111, "subsidiary": 1, "state": 5, "category": 5, "state_product": "USADO", "image_1": "post_images/default.jpg", "image_2": "post_images/default.jpg", "image_3": "post_images/default.jpg", "image_4": "", "image_5": ""}}, {"model": "app_post.post", "pk": 62, "fields": {"name": "Tabla de planchar", "description": "Tabla de planchar plegable, en buen estado", "value": 2, "stock_product": 0, "user": 111, "subsidiary": 1, "state": 5, "category": 4, "state_product": "USADO", "image_1": "post_images/default.jpg", "image_2": "", "image_3": "", "image_4": "", "image_5": ""}}, {"model": "app_post.post", "pk": 63, "fields": {"name": "Silla plegable", "description": "Silla plegable portátil, en buen estado", "value": 3, "stock_product": 0, "user": 111, "subsidiary": 1, "state": 5, "category": 5, "state_product": "USADO", "image_1": "post_images/default.jpg", "image_2": "post_images/default.jpg", "image_3": "post_images/default.jpg", "image_4": "post_images/default.jpg", "image_5": ""}}, {"model": "app_post.post", "pk": 64, "fields": {"name": "Juguetes para niños", "description": "Set de juguetes para niños, en buen estado", "value": 3, "stock_product": 0, "user": 111, "subsidiary": 1, "state": 5, "category": 1, "state_product": "USADO", "image_1": "post_images/default.jpg", "image_2": "post_images/default.jpg", "image_3": "", "image_4": "", "image_5": ""}}, {"model": "app_post.post", "pk": 65, "fields": {"name": "Ventilador de pie", "description": "Ventilador de pie en buen estado, poco uso", "value": 3, "stock_product": 0, "user": 111, "subsidiary": 1, "state": 5, "category": 5, "state_product": "USADO", "image_1": "post_images/default.jpg", "image_2": "", "image_3": "", "image_4": "", "image_5": ""}}, {"model": "app_post.post", "pk": 66, "fields": {"name": "Cortadora de césped", "description": "Cortadora de césped en buen estado, poco uso", "value": 4, "stock_product": 0, "user": 111, "subsidiary": 1, "state": 5, "category": 5, "state_product": "USADO", "image_1": "post_images/default.jpg", "image_2": "post_images/default.jpg", "image_3": "", "image_4": "", "image_5": ""}}, {"model": "app_post.post", "pk": 67, "fields": {"name": "Ropa deportiva", "description": "Conjunto de ropa deportiva para hombre, en buen estado", "value": 2, "stock_product": 0, "user": 111, "subsidiary": 1, "state": 5, "category": 2, "state_product": "USADO", "image_1": "post_images/default.jpg", "image_2": "post_images/default.jpg", "image_3": "", "image_4": "", "image_5": ""}}, {"model": "app_post.post", "pk": 68, "fields": {"name": "Juego de sartenes", "description": "Juego de sartenes antiadherentes, en buen estado", "value": 3, "stock_product": 0, "user": 111, "subsidiary": 1, "state": 5, "category": 4, "state_product": "USADO", "image_1": "post_images/default.jpg", "image_2": "post_images/default.jpg", "image_3": "post_images/default.jpg", "image_4": "post_images/default.jpg", "image_5": ""}}, {"model": "app_post.post", "pk": 69, "fields": {"name": "Cámara fotográfica", "description": "Cámara fotográfica digital en buen estado, incluye accesorios", "value": 4, "stock_product": 0, "user": 111, "subsidiary": 1, "state": 5, "category": 5, "state_product": "USADO", "image_1": "post_images/default.jpg", "image_2": "post_images/default.jpg", "image_3": "", "image_4": "", "image_5": ""}}, {"model": "app_post.post", "pk": 70, "fields": {"name": "Tetera eléctrica", "description": "Tetera eléctrica en buen estado, poco uso", "value": 3, "stock_product": 0, "user": 111, "subsidiary": 1, "state": 5, "category": 4, "state_product": "USADO", "image_1": "post_images/default.jpg", "image_2": "", "image_3": "", "image_4": "", "image_5": ""}}, {"model": "app_post.post", "pk": 71, "fields": {"name": "Auriculares inalámbricos", "description": "Auriculares inalámbricos en buen estado, poco uso", "value": 4, "stock_product": 0, "user": 111, "subsidiary": 1, "state": 5, "category": 5, "state_product": "USADO", "image_1": "post_images/default.jpg", "image_2": "post_images/default.jpg", "image_3": "post_images/default.jpg", "image_4": "", "image_5": ""}}, {"model": "app_post.post", "pk": 72, "fields": {"name": "Set de jardinería", "description": "Set completo de herramientas de jardinería, en buen estado", "value": 3, "stock_product": 0, "user": 111, "subsidiary": 1, "state": 5, "category": 5, "state_product": "USADO", "image_1": "post_images/default.jpg", "image_2": "", "image_3": "", "image_4": "", "image_5": ""}}, {"model": "app_post.post", "pk": 73, "fields": {"name": "Patines", "description": "Patines en línea, en buen estado, poco uso", "value": 3, "stock_product": 0, "user": 111, "subsidiary": 1, "state": 5, "category": 5, "state_product": "USADO", "image_1": "post_images/default.jpg", "image_2": "post_images/default.jpg", "image_3": "post_images/default.jpg", "image_4": "", "image_5": ""}}, {"model": "app_post.post", "pk": 74, "fields": {"name": "Colchón inflable", "description": "Colchón inflable en buen estado, incluye bomba", "value": 4, "stock_product": 0, "user": 111, "subsidiary": 1, "state": 5, "category": 2, "state_product": "USADO", "image_1": "post_images/default.jpg", "image_2": "post_images/default.jpg", "image_3": "", "image_4": "", "image_5": ""}}, {"model": "app_post.post", "pk": 75, "fields": {"name": "Mesa de comedor", "description": "Mesa de comedor para seis personas, en buen estado", "value": 4, "stock_product": 1, "user": 112, "subsidiary": 1, "state": 5, "category": 2, "state_product": "USADO", "image_1": "post_images/default.jpg", "image_2": "post_images/default.jpg", "image_3": "", "image_4": "", "image_5": ""}}, {"model": "app_post.post", "pk": 76, "fields": {"name": "Escritorio de oficina", "description": "Escritorio de oficina en buen estado, ideal para trabajar en casa", "value": 3, "stock_product": 1, "user": 112, "subsidiary": 1, "state": 5, "category": 2, "state_product": "USADO", "image_1": "post_images/default.jpg", "image_2": "", "image_3": "", "image_4": "", "image_5": ""}}, {"model": "app_post.post", "pk": 77, "fields": {"name": "Cafetera de cápsulas", "description": "Cafetera de cápsulas en excelente estado, poco uso", "value": 4, "stock_product": 1, "user": 112, "subsidiary": 1, "state": 5, "category": 4, "state_product": "USADO", "image_1": "post_images/default.jpg", "image_2": "post_images/default.jpg", "image_3": "post_images/default.jpg", "image_4": "", "image_5": ""}}, {"model": "app_post.post", "pk": 78, "fields": {"name": "Juego de toallas", "description": "Juego de toallas de baño, en buen estado", "value": 2, "stock_product": 1, "user": 112, "subsidiary": 1, "state": 5, "category": 2, "state_product": "USADO", "image_1": "post_images/default.jpg", "image_2": "", "image_3": "", "image_4": "", "image_5": ""}}, {"model": "app_post.post", "pk": 79, "fields": {"name": "Cámara de seguridad", "description": "Cámara de seguridad inalámbrica, en buen estado", "value": 4, "stock_product": 1, "user": 112, "subsidiary": 1, "state": 5, "category": 5, "state_product": "USADO", "image_1": "post_images/default.jpg", "image_2": "post_images/default.jpg", "image_3": "post_images/default.jpg", "image_4": "", "image_5": ""}}, {"model": "app_post.post", "pk": 80, "fields": {"name": "Sofá cama", "description": "Sofá cama en buen estado, cómodo y práctico", "value": 5, "stock_product": 1, "user": 112, "subsidiary": 1, "state": 5, "category": 2, "state_product": "USADO", "image_1": "post_images/default.jpg", "image_2": "", "image_3": "", "image_4": "", "image_5": ""}}, {"model": "app_post.post", "pk": 81, "fields": {"name": "Juego de sábanas", "description": "Juego de sábanas para cama doble, en buen estado", "value": 3, "stock_product": 1, "user": 112, "subsidiary": 1, "state": 5, "category": 2, "state_product": "USADO", "image_1": "post_images/default.jpg", "image_2": "post_images/default.jpg", "image_3": "post_images/default.jpg", "image_4": "", "image_5": ""}}, {"model": "app_post.post", "pk": 82, "fields": {"name": "Freidora de aire", "description": "Freidora de aire en excelente estado, poco uso", "value": 5, "stock_product": 1, "user": 112, "subsidiary": 1, "state": 5, "category": 4, "state_product": "USADO", "image_1": "post_images/default.jpg", "image_2": "", "image_3": "", "image_4": "", "image_5": ""}}, {"model": "app_post.post", "pk": 83, "fields": {"name": "Microondas", "description": "Microondas en buen estado, poco uso", "value": 3, "stock_product": 1, "user": 112, "subsidiary": 1, "state": 5, "category": 4, "state_product": "USADO", "image_1": "post_images/default.jpg", "image_2": "post_images/default.jpg", "image_3": "post_images/default.jpg", "image_4": "post_images/default.jpg", "image_5": ""}}, {"model": "app_post.post", "pk": 84, "fields": {"name": "Aspiradora", "description": "Aspiradora en buen estado, ideal para limpieza del hogar", "value": 3, "stock_product": 1, "user": 112, "subsidiary": 1, "state": 5, "category": 4, "state_product": "USADO", "image_1": "post_images/default.jpg", "image_2": "post_images/default.jpg", "image_3": "", "image_4": "", "image_5": ""}}, {"model": "app_post.post", "pk": 85, "fields": {"name": "Bicicleta de montaña", "description": "Bicicleta de montaña en buen estado, ideal para aventuras al aire libre", "value": 4, "stock_product": 1, "user": 112, "subsidiary": 1, "state": 5, "category": 5, "state_product": "USADO", "image_1": "post_images/default.jpg", "image_2": "", "image_3": "", "image_4": "", "image_5": ""}}, {"model": "app_post.post", "pk": 86, "fields": {"name": "Silla de oficina", "description": "Silla de oficina ergonómica en buen estado, ajustable y cómoda", "value": 3, "stock_product": 1, "user": 112, "subsidiary": 1, "state": 5, "category": 2, "state_product": "USADO", "image_1": "post_images/default.jpg", "image_2": "", "image_3": "", "image_4": "", "image_5": ""}}, {"model": "app_post.post", "pk": 87, "fields": {"name": "Juego de cubiertos", "description": "Juego de cubiertos de acero inoxidable, en buen estado", "value": 2, "stock_product": 1, "user": 112, "subsidiary": 1, "state": 5, "category": 3, "state_product": "USADO", "image_1": "post_images/default.jpg", "image_2": "post_images/default.jpg", "image_3": "", "image_4": "", "image_5": ""}}, {"model": "app_post.post", "pk": 88, "fields": {"name": "Impresora multifunción", "description": "Impresora multifunción en buen estado, incluye cartuchos de tinta", "value": 4, "stock_product": 1, "user": 112, "subsidiary": 1, "state": 5, "category": 5, "state_product": "USADO", "image_1": "post_images/default.jpg", "image_2": "post_images/default.jpg", "image_3": "post_images/default.jpg", "image_4": "", "image_5": ""}}, {"model": "app_post.post", "pk": 89, "fields": {"name": "Set de herramientas", "description": "Set completo de herramientas manuales, en buen estado", "value": 3, "stock_product": 1, "user": 112, "subsidiary": 1, "state": 5, "category": 5, "state_product": "USADO", "image_1": "post_images/default.jpg", "image_2": "post_images/default.jpg", "image_3": "post_images/default.jpg", "image_4": "", "image_5": ""}}, {"model": "app_post.post", "pk": 90, "fields": {"name": "Licuadora", "description": "Licuadora en buen estado, ideal para preparar batidos y jugos", "value": 3, "stock_product": 1, "user": 112, "subsidiary": 1, "state": 5, "category": 3, "state_product": "USADO", "image_1": "post_images/default.jpg", "image_2": "post_images/default.jpg", "image_3": "", "image_4": "", "image_5": ""}}, {"model": "app_post.post", "pk": 91, "fields": {"name": "Cámara de acción", "description": "Cámara de acción resistente al agua, en buen estado", "value": 4, "stock_product": 1, "user": 112, "subsidiary": 1, "state": 5, "category": 5, "state_product": "USADO", "image_1": "post_images/default.jpg", "image_2": "post_images/default.jpg", "image_3": "post_images/default.jpg", "image_4": "post_images/default.jpg", "image_5": ""}}, {"model": "app_post.post", "pk": 92, "fields": {"name": "Máquina de coser", "description": "Máquina de coser eléctrica en buen estado, incluye accesorios", "value": 5, "stock_product": 1, "user": 112, "subsidiary": 1, "state": 5, "category": 5, "state_product": "USADO", "image_1": "post_images/default.jpg", "image_2": "", "image_3": "", "image_4": "", "image_5": ""}}, {"model": "app_post.post", "pk": 93, "fields": {"name": "Plancha de vapor", "description": "Plancha de vapor en buen estado, ideal para dejar la ropa impecable", "value": 3, "stock_product": 1, "user": 112, "subsidiary": 1, "state": 5, "category": 4, "state_product": "USADO", "image_1": "post_images/default.jpg", "image_2": "post_images/default.jpg", "image_3": "", "image_4": "", "image_5": ""}}, {"model": "app_post.post", "pk": 94, "fields": {"name": "Set de utensilios de cocina", "description": "Set completo de utensilios de cocina, en buen estado", "value": 2, "stock_product": 1, "user": 112, "subsidiary": 1, "state": 5, "category": 3, "state_product": "USADO", "image_1": "post_images/default.jpg", "image_2": "post_images/default.jpg", "image_3": "", "image_4": "", "image_5": ""}}, {"model": "app_post.post", "pk": 95, "fields": {"name": "Smartwatch", "description": "Smartwatch en buen estado, compatible con dispositivos Android e iOS", "value": 4, "stock_product": 1, "user": 112, "subsidiary": 1, "state": 5, "category": 5, "state_product": "USADO", "image_1": "post_images/default.jpg", "image_2": "", "image_3": "", "image_4": "", "image_5": ""}}, {"model": "app_post.post", "pk": 96, "fields": {"name": "Mesa de noche", "description": "Mesa de noche con cajón, en buen estado", "value": 3, "stock_product": 1, "user": 112, "subsidiary": 1, "state": 5, "category": 5, "state_product": "USADO", "image_1": "post_images/default.jpg", "image_2": "", "image_3": "", "image_4": "", "image_5": ""}}, {"model": "app_post.post", "pk": 97, "fields": {"name": "Plancha de pelo", "description": "Plancha de pelo en buen estado, ideal para alisar y rizar", "value": 2, "stock_product": 1, "user": 112, "subsidiary": 1, "state": 5, "category": 2, "state_product": "USADO", "image_1": "post_images/default.jpg", "image_2": "", "image_3": "", "image_4": "", "image_5": ""}}, {"model": "app_post.post", "pk": 98, "fields": {"name": "Robot aspirador", "description": "Robot aspirador en buen estado, programable y fácil de usar", "value": 4, "stock_product": 1, "user": 112, "subsidiary": 1, "state": 5, "category": 4, "state_product": "USADO", "image_1": "post_images/default.jpg", "image_2": "post_images/default.jpg", "image_3": "post_images/default.jpg", "image_4": "", "image_5": ""}}, {"model": "app_post.post", "pk": 99, "fields": {"name": "Sillón reclinable", "description": "Sillón reclinable en buen estado, cómodo y funcional", "value": 5, "stock_product": 1, "user": 112, "subsidiary": 1, "state": 5, "category": 2, "state_product": "USADO", "image_1": "post_images/default.jpg", "image_2": "post_images/default.jpg", "image_3": "", "image_4": "", "image_5": ""}}, {"model": "app_post.post", "pk": 100, "fields": {"name": "Batería externa", "description": "Batería externa para cargar dispositivos móviles, en buen estado", "value": 3, "stock_product": 1, "user": 112, "subsidiary": 1, "state": 5, "category": 5, "state_product": "USADO", "image_1": "post_images/default.jpg", "image_2": "", "image_3": "", "image_4": "", "image_5": ""}}, {"model": "app_post.post", "pk": 101, "fields": {"name": "Lavavajillas", "description": "Lavavajillas en buen estado, ideal para ahorrar tiempo en la cocina", "value": 4, "stock_product": 1, "user": 112, "subsidiary": 1, "state": 5, "category": 4, "state_product": "USADO", "image_1": "post_images/default.jpg", "image_2": "post_images/default.jpg", "image_3": "", "image_4": "", "image_5": ""}}, {"model": "app_post.post", "pk": 102, "fields": {"name": "Cafetera italiana", "description": "Cafetera italiana en buen estado, perfecta para preparar café espresso", "value": 3, "stock_product": 1, "user": 112, "subsidiary": 1, "state": 5, "category": 4, "state_product": "USADO", "image_1": "post_images/default.jpg", "image_2": "", "image_3": "", "image_4": "", "image_5": ""}}, {"model": "app_post.post", "pk": 103, "fields": {"name": "Juego de cuchillos", "description": "Juego de cuchillos de cocina en buen estado, con base de madera", "value": 2, "stock_product": 1, "user": 112, "subsidiary": 1, "state": 5, "category": 3, "state_product": "USADO", "image_1": "post_images/default.jpg", "image_2": "post_images/default.jpg", "image_3": "", "image_4": "", "image_5": ""}}, {"model": "app_post.post", "pk": 104, "fields": {"name": "Altavoces Bluetooth", "description": "Altavoces Bluetooth en buen estado, con sonido de alta calidad", "value": 4, "stock_product": 1, "user": 112, "subsidiary": 1, "state": 5, "category": 5, "state_product": "USADO", "image_1": "post_images/default.jpg", "image_2": "", "image_3": "", "image_4": "", "image_5": ""}}, {"model": "app_post.post", "pk": 105, "fields": {"name": "Monitor de computadora", "description": "Monitor de computadora en buen estado, resolución Full HD", "value": 4, "stock_product": 1, "user": 112, "subsidiary": 1, "state": 5, "category": 5, "state_product": "USADO", "image_1": "post_images/default.jpg", "image_2": "post_images/default.jpg", "image_3": "", "image_4": "", "image_5": ""}}, {"model": "app_post.post", "pk": 106, "fields": {"name": "Sartén antiadherente", "description": "Sartén antiadherente en buen estado, ideal para cocinar sin grasa", "value": 3, "stock_product": 1, "user": 112, "subsidiary": 1, "state": 5, "category": 3, "state_product": "USADO", "image_1": "post_images/default.jpg", "image_2": "post_images/default.jpg", "image_3": "", "image_4": "", "image_5": ""}}, {"model": "app_post.post", "pk": 107, "fields": {"name": "Máquina de café espresso", "description": "Máquina de café espresso en buen estado, incluye vaporizador de leche", "value": 4, "stock_product": 1, "user": 112, "subsidiary": 1, "state": 5, "category": 4, "state_product": "USADO", "image_1": "post_images/default.jpg", "image_2": "post_images/default.jpg", "image_3": "", "image_4": "", "image_5": ""}}, {"model": "app_post.post", "pk": 108, "fields": {"name": "Caja de herramientas", "description": "Caja de herramientas con variedad de herramientas manuales, en buen estado", "value": 5, "stock_product": 1, "user": 112, "subsidiary": 1, "state": 5, "category": 5, "state_product": "USADO", "image_1": "post_images/default.jpg", "image_2": "post_images/default.jpg", "image_3": "post_images/default.jpg", "image_4": "post_images/default.jpg", "image_5": ""}}, {"model": "app_post.post", "pk": 109, "fields": {"name": "Mesa de centro", "description": "Mesa de centro de estilo moderno, en buen estado", "value": 3, "stock_product": 1, "user": 112, "subsidiary": 1, "state": 5, "category": 2, "state_product": "USADO", "image_1": "post_images/default.jpg", "image_2": "post_images/default.jpg", "image_3": "", "image_4": "", "image_5": ""}}, {"model": "app_post.post", "pk": 110, "fields": {"name": "Báscula de cocina", "description": "Báscula de cocina digital en buen estado, precisa y fácil de usar", "value": 2, "stock_product": 1, "user": 112, "subsidiary": 1, "state": 5, "category": 3, "state_product": "USADO", "image_1": "post_images/default.jpg", "image_2": "post_images/default.jpg", "image_3": "", "image_4": "", "image_5": ""}}, {"model": "app_post.post", "pk": 111, "fields": {"name": "Batidora de mano", "description": "Batidora de mano en buen estado, ideal para preparar masas y salsas", "value": 4, "stock_product": 1, "user": 112, "subsidiary": 1, "state": 5, "category": 3, "state_product": "USADO", "image_1": "post_images/default.jpg", "image_2": "post_images/default.jpg", "image_3": "post_images/default.jpg", "image_4": "", "image_5": ""}}, {"model": "app_post.post", "pk": 112, "fields": {"name": "Mueble de almacenaje", "description": "Mueble de almacenaje con varios compartimentos, en buen estado", "value": 5, "stock_product": 1, "user": 112, "subsidiary": 1, "state": 5, "category": 2, "state_product": "USADO", "image_1": "post_images/default.jpg", "image_2": "post_images/default.jpg", "image_3": "", "image_4": "", "image_5": ""}}, {"model": "app_post.post", "pk": 113, "fields": {"name": "Cortadora de césped", "description": "Cortadora de césped en buen estado, ideal para mantener el jardín", "value": 4, "stock_product": 1, "user": 112, "subsidiary": 1, "state": 5, "category": 5, "state_product": "USADO", "image_1": "post_images/default.jpg", "image_2": "", "image_3": "", "image_4": "", "image_5": ""}}, {"model": "app_post.post", "pk": 114, "fields": {"name": "Hervidor eléctrico", "description": "Hervidor eléctrico en buen estado, capacidad de 1 litro", "value": 3, "stock_product": 1, "user": 112, "subsidiary": 1, "state": 5, "category": 4, "state_product": "USADO", "image_1": "post_images/default.jpg", "image_2": "", "image_3": "", "image_4": "", "image_5": ""}}, {"model": "app_post.post", "pk": 115, "fields": {"name": "Lámpara de escritorio", "description": "Lámpara de escritorio ajustable, en buen estado", "value": 2, "stock_product": 1, "user": 112, "subsidiary": 1, "state": 5, "category": 2, "state_product": "USADO", "image_1": "post_images/default.jpg", "image_2": "", "image_3": "", "image_4": "", "image_5": ""}}, {"model": "app_post.post", "pk": 116, "fields": {"name": "Máquina de hacer hielo", "description": "Máquina de hacer hielo en buen estado, ideal para fiestas y reuniones", "value": 3, "stock_product": 1, "user": 112, "subsidiary": 1, "state": 5, "category": 4, "state_product": "USADO", "image_1": "post_images/default.jpg", "image_2": "", "image_3": "", "image_4": "", "image_5": ""}}, {"model": "app_post.post", "pk": 117, "fields": {"name": "Estufa eléctrica", "description": "Estufa eléctrica en buen estado, ideal para calentar espacios pequeños", "value": 4, "stock_product": 1, "user": 112, "subsidiary": 1, "state": 5, "category": 5, "state_product": "USADO", "image_1": "post_images/default.jpg", "image_2": "", "image_3": "", "image_4": "", "image_5": ""}}, {"model": "app_post.post", "pk": 118, "fields": {"name": "Set de maletas", "description": "Set de maletas en buen estado, diferentes tamaños y colores", "value": 5, "stock_product": 1, "user": 112, "subsidiary": 1, "state": 5, "category": 2, "state_product": "USADO", "image_1": "post_images/default.jpg", "image_2": "post_images/default.jpg", "image_3": "", "image_4": "", "image_5": ""}}, {"model": "app_post.post", "pk": 119, "fields": {"name": "Tostadora", "description": "Tostadora en buen estado, perfecta para preparar desayunos rápidos", "value": 3, "stock_product": 1, "user": 112, "subsidiary": 1, "state": 5, "category": 4, "state_product": "USADO", "image_1": "post_images/default.jpg", "image_2": "", "image_3": "", "image_4": "", "image_5": ""}}, {"model": "app_post.post", "pk": 120, "fields": {"name": "Cámara de seguridad", "description": "Cámara de seguridad para el hogar, en buen estado", "value": 4, "stock_product": 1, "user": 112, "subsidiary": 1, "state": 5, "category": 5, "state_product": "USADO", "image_1": "post_images/default.jpg", "image_2": "post_images/default.jpg", "image_3": "", "image_4": "", "image_5": ""}}, {"model": "app_post.post", "pk": 121, "fields": {"name": "Mesa de comedor", "description": "Mesa de comedor en buen estado, capacidad para seis personas", "value": 5, "stock_product": 1, "user": 112, "subsidiary": 1, "state": 5, "category": 2, "state_product": "USADO", "image_1": "post_images/default.jpg", "image_2": "post_images/default.jpg", "image_3": "", "image_4": "", "image_5": ""}}, {"model": "app_post.post", "pk": 122, "fields": {"name": "Cortina opaca", "description": "Cortina opaca en buen estado, ideal para bloquear la luz solar", "value": 3, "stock_product": 1, "user": 112, "subsidiary": 1, "state": 5, "category": 2, "state_product": "USADO", "image_1": "post_images/default.jpg", "image_2": "", "image_3": "", "image_4": "", "image_5": ""}}, {"model": "app_post.post", "pk": 123, "fields": {"name": "Licuadora de alta potencia", "description": "Licuadora de alta potencia en buen estado, perfecta para preparar smoothies", "value": 4, "stock_product": 1, "user": 112, "subsidiary": 1, "state": 5, "category": 3, "state_product": "USADO", "image_1": "post_images/default.jpg", "image_2": "", "image_3": "", "image_4": "", "image_5": ""}}, {"model": "app_post.post", "pk": 124, "fields": {"name": "Ventilador de torre", "description": "Ventilador de torre en buen estado, tres velocidades y temporizador", "value": 3, "stock_product": 1, "user": 112, "subsidiary": 1, "state": 5, "category": 5, "state_product": "USADO", "image_1": "post_images/default.jpg", "image_2": "", "image_3": "", "image_4": "", "image_5": ""}}, {"model": "app_post.post", "pk": 125, "fields": {"name": "Bicicleta de montaña", "description": "Bicicleta de montaña en buen estado, talla M, con suspensión delantera", "value": 4, "stock_product": 1, "user": 120, "subsidiary": 1, "state": 1, "category": 5, "state_product": "USADO", "image_1": "post_images/default.jpg", "image_2": "post_images/default.jpg", "image_3": "", "image_4": "", "image_5": ""}}, {"model": "app_post.post", "pk": 126, "fields": {"name": "Silla de oficina", "description": "Silla de oficina ergonómica en buen estado, ajustable en altura y respaldo", "value": 3, "stock_product": 0, "user": 120, "subsidiary": 1, "state": 7, "category": 2, "state_product": "USADO", "image_1": "post_images/default.jpg", "image_2": "post_images/default.jpg", "image_3": "", "image_4": "", "image_5": ""}}, {"model": "app_post.post", "pk": 127, "fields": {"name": "Juego de ollas", "description": "Juego de ollas en buen estado, antiadherentes y con tapas de vidrio", "value": 4, "stock_product": 0, "user": 120, "subsidiary": 1, "state": 7, "category": 3, "state_product": "USADO", "image_1": "post_images/default.jpg", "image_2": "post_images/default.jpg", "image_3": "", "image_4": "", "image_5": ""}}, {"model": "app_post.post", "pk": 128, "fields": {"name": "Lavadora", "description": "Lavadora en buen estado, capacidad de carga 7 kg, varias funciones de lavado", "value": 5, "stock_product": 0, "user": 120, "subsidiary": 1, "state": 7, "category": 4, "state_product": "USADO", "image_1": "post_images/default.jpg", "image_2": "post_images/default.jpg", "image_3": "post_images/default.jpg", "image_4": "", "image_5": ""}}, {"model": "app_post.post", "pk": 129, "fields": {"name": "Caja de herramientas", "description": "Caja de herramientas con variedad de herramientas manuales, en buen estado", "value": 4, "stock_product": 0, "user": 120, "subsidiary": 1, "state": 7, "category": 5, "state_product": "USADO", "image_1": "post_images/default.jpg", "image_2": "post_images/default.jpg", "image_3": "", "image_4": "", "image_5": ""}}, {"model": "app_post.post", "pk": 130, "fields": {"name": "PlayStation 4", "description": "Consola PlayStation 4 en buen estado, incluye un control y cables", "value": 4, "stock_product": 0, "user": 121, "subsidiary": 1, "state": 7, "category": 5, "state_product": "USADO", "image_1": "post_images/default.jpg", "image_2": "post_images/default.jpg", "image_3": "", "image_4": "", "image_5": ""}}, {"model": "app_post.post", "pk": 131, "fields": {"name": "Mesa de centro", "description": "Mesa de centro de madera en buen estado, diseño moderno", "value": 3, "stock_product": 0, "user": 121, "subsidiary": 1, "state": 7, "category": 2, "state_product": "USADO", "image_1": "post_images/default.jpg", "image_2": "post_images/default.jpg", "image_3": "", "image_4": "", "image_5": ""}}, {"model": "app_post.post", "pk": 132, "fields": {"name": "Impresora multifunción", "description": "Impresora multifunción en buen estado, impresión, escaneo y copiado", "value": 2, "stock_product": 0, "user": 121, "subsidiary": 1, "state": 7, "category": 5, "state_product": "USADO", "image_1": "post_images/default.jpg", "image_2": "", "image_3": "", "image_4": "", "image_5": ""}}, {"model": "app_post.post", "pk": 133, "fields": {"name": "Robot de cocina", "description": "Robot de cocina en buen estado, varias funciones y programas preestablecidos", "value": 4, "stock_product": 0, "user": 121, "subsidiary": 1, "state": 7, "category": 4, "state_product": "USADO", "image_1": "post_images/default.jpg", "image_2": "post_images/default.jpg", "image_3": "post_images/default.jpg", "image_4": "", "image_5": ""}}, {"model": "app_post.post", "pk": 134, "fields": {"name": "Sofá cama", "description": "Sofá cama en buen estado, práctico y cómodo, ideal para espacios pequeños", "value": 5, "stock_product": 0, "user": 121, "subsidiary": 1, "state": 7, "category": 2, "state_product": "USADO", "image_1": "post_images/default.jpg", "image_2": "post_images/default.jpg", "image_3": "", "image_4": "", "image_5": ""}}, {"model": "app_post.post", "pk": 135, "fields": {"name": "Televisor LED", "description": "Televisor LED de 55 pulgadas en buen estado, resolución 4K", "value": 4, "stock_product": 0, "user": 122, "subsidiary": 1, "state": 5, "category": 5, "state_product": "USADO", "image_1": "post_images/default.jpg", "image_2": "post_images/default.jpg", "image_3": "", "image_4": "", "image_5": ""}}, {"model": "app_post.post", "pk": 136, "fields": {"name": "Mesa de comedor", "description": "Mesa de comedor extensible en buen estado, capacidad para ocho personas", "value": 3, "stock_product": 0, "user": 122, "subsidiary": 1, "state": 5, "category": 2, "state_product": "USADO", "image_1": "post_images/default.jpg", "image_2": "post_images/default.jpg", "image_3": "", "image_4": "", "image_5": ""}}, {"model": "app_post.post", "pk": 137, "fields": {"name": "Refrigerador", "description": "Refrigerador de dos puertas en buen estado, capacidad 350 litros", "value": 2, "stock_product": 0, "user": 122, "subsidiary": 1, "state": 5, "category": 4, "state_product": "USADO", "image_1": "post_images/default.jpg", "image_2": "post_images/default.jpg", "image_3": "", "image_4": "", "image_5": ""}}, {"model": "app_post.post", "pk": 138, "fields": {"name": "Aspiradora sin bolsa", "description": "Aspiradora sin bolsa en buen estado, potencia de succión alta", "value": 4, "stock_product": 0, "user": 122, "subsidiary": 1, "state": 5, "category": 4, "state_product": "USADO", "image_1": "post_images/default.jpg", "image_2": "", "image_3": "", "image_4": "", "image_5": ""}}, {"model": "app_post.post", "pk": 139, "fields": {"name": "Sillón reclinable", "description": "Sillón reclinable en buen estado, tapizado en cuero sintético", "value": 5, "stock_product": 0, "user": 122, "subsidiary": 1, "state": 5, "category": 2, "state_product": "USADO", "image_1": "post_images/default.jpg", "image_2": "post_images/default.jpg", "image_3": "", "image_4": "", "image_5": ""}}, {"model": "app_post.post", "pk": 140, "fields": {"name": "Portátil ASUS", "description": "Portátil ASUS en buen estado, procesador Intel Core i5, 8GB de RAM, 256GB SSD", "value": 4, "stock_product": 0, "user": 123, "subsidiary": 1, "state": 7, "category": 5, "state_product": "USADO", "image_1": "post_images/default.jpg", "image_2": "post_images/default.jpg", "image_3": "", "image_4": "", "image_5": ""}}, {"model": "app_post.post", "pk": 141, "fields": {"name": "Mesa de estudio", "description": "Mesa de estudio en buen estado, diseño compacto, ideal para espacios reducidos", "value": 3, "stock_product": 0, "user": 123, "subsidiary": 1, "state": 7, "category": 2, "state_product": "USADO", "image_1": "post_images/default.jpg", "image_2": "post_images/default.jpg", "image_3": "", "image_4": "", "image_5": ""}}, {"model": "app_post.post", "pk": 142, "fields": {"name": "Smartwatch", "description": "Smartwatch en buen estado, compatible con Android e iOS, monitor de actividad", "value": 2, "stock_product": 0, "user": 123, "subsidiary": 1, "state": 7, "category": 5, "state_product": "USADO", "image_1": "post_images/default.jpg", "image_2": "", "image_3": "", "image_4": "", "image_5": ""}}, {"model": "app_post.post", "pk": 143, "fields": {"name": "Licuadora de alta velocidad", "description": "Licuadora de alta velocidad en buen estado, jarra de vidrio resistente", "value": 4, "stock_product": 0, "user": 123, "subsidiary": 1, "state": 7, "category": 3, "state_product": "USADO", "image_1": "post_images/default.jpg", "image_2": "post_images/default.jpg", "image_3": "", "image_4": "", "image_5": ""}}, {"model": "app_post.post", "pk": 144, "fields": {"name": "Cama individual", "description": "Cama individual en buen estado, incluye colchón y somier", "value": 5, "stock_product": 0, "user": 123, "subsidiary": 1, "state": 7, "category": 2, "state_product": "USADO", "image_1": "post_images/default.jpg", "image_2": "post_images/default.jpg", "image_3": "", "image_4": "", "image_5": ""}}, {"model": "app_post.post", "pk": 145, "fields": {"name": "iPhone 11 Pro", "description": "iPhone 11 Pro en buen estado, color gris espacial, capacidad de 256GB", "value": 4, "stock_product": 0, "user": 124, "subsidiary": 1, "state": 7, "category": 5, "state_product": "USADO", "image_1": "post_images/default.jpg", "image_2": "post_images/default.jpg", "image_3": "", "image_4": "", "image_5": ""}}, {"model": "app_post.post", "pk": 146, "fields": {"name": "Escritorio de madera", "description": "Escritorio de madera en buen estado, diseño clásico, amplio espacio de trabajo", "value": 3, "stock_product": 0, "user": 124, "subsidiary": 1, "state": 7, "category": 2, "state_product": "USADO", "image_1": "post_images/default.jpg", "image_2": "post_images/default.jpg", "image_3": "", "image_4": "", "image_5": ""}}, {"model": "app_post.post", "pk": 147, "fields": {"name": "Altavoces Bluetooth", "description": "Altavoces Bluetooth en buen estado, sonido de alta fidelidad, batería recargable", "value": 2, "stock_product": 0, "user": 124, "subsidiary": 1, "state": 7, "category": 5, "state_product": "USADO", "image_1": "post_images/default.jpg", "image_2": "", "image_3": "", "image_4": "", "image_5": ""}}, {"model": "app_post.post", "pk": 148, "fields": {"name": "Cafetera espresso", "description": "Cafetera espresso en buen estado, prepara café de alta calidad", "value": 4, "stock_product": 0, "user": 124, "subsidiary": 1, "state": 7, "category": 3, "state_product": "USADO", "image_1": "post_images/default.jpg", "image_2": "post_images/default.jpg", "image_3": "", "image_4": "", "image_5": ""}}, {"model": "app_post.post", "pk": 149, "fields": {"name": "Sofá de tres plazas", "description": "Sofá de tres plazas en buen estado, tapizado en tela resistente", "value": 5, "stock_product": 0, "user": 124, "subsidiary": 1, "state": 7, "category": 2, "state_product": "USADO", "image_1": "post_images/default.jpg", "image_2": "post_images/default.jpg", "image_3": "", "image_4": "", "image_5": ""}}, {"model": "app_post.post", "pk": 150, "fields": {"name": "Laptop Lenovo", "description": "Laptop Lenovo en buen estado, procesador Intel Core i7, 16GB de RAM, 512GB SSD", "value": 4, "stock_product": 0, "user": 125, "subsidiary": 1, "state": 7, "category": 5, "state_product": "USADO", "image_1": "post_images/default.jpg", "image_2": "post_images/default.jpg", "image_3": "", "image_4": "", "image_5": ""}}, {"model": "app_post.post", "pk": 151, "fields": {"name": "Silla gaming", "description": "Silla gaming en buen estado, diseño ergonómico, soporte lumbar ajustable", "value": 3, "stock_product": 0, "user": 125, "subsidiary": 1, "state": 7, "category": 2, "state_product": "USADO", "image_1": "post_images/default.jpg", "image_2": "post_images/default.jpg", "image_3": "", "image_4": "", "image_5": ""}}, {"model": "app_post.post", "pk": 152, "fields": {"name": "Auriculares inalámbricos", "description": "Auriculares inalámbricos en buen estado, calidad de sonido premium, cancelación de ruido", "value": 2, "stock_product": 0, "user": 125, "subsidiary": 1, "state": 7, "category": 5, "state_product": "USADO", "image_1": "post_images/default.jpg", "image_2": "", "image_3": "", "image_4": "", "image_5": ""}}, {"model": "app_post.post", "pk": 153, "fields": {"name": "Batidora de mano", "description": "Batidora de mano en buen estado, potencia de 800W, incluye accesorios", "value": 4, "stock_product": 0, "user": 125, "subsidiary": 1, "state": 7, "category": 3, "state_product": "USADO", "image_1": "post_images/default.jpg", "image_2": "post_images/default.jpg", "image_3": "", "image_4": "", "image_5": ""}}, {"model": "app_post.post", "pk": 154, "fields": {"name": "Mesa de escritorio", "description": "Mesa de escritorio en buen estado, amplia superficie de trabajo, acabado resistente", "value": 5, "stock_product": 0, "user": 125, "subsidiary": 1, "state": 7, "category": 2, "state_product": "USADO", "image_1": "post_images/default.jpg", "image_2": "post_images/default.jpg", "image_3": "", "image_4": "", "image_5": ""}}, {"model": "app_post.post", "pk": 155, "fields": {"name": "Smart TV Samsung", "description": "Smart TV Samsung en buen estado, pantalla LED de 55 pulgadas, resolución 4K", "value": 4, "stock_product": 0, "user": 126, "subsidiary": 1, "state": 7, "category": 5, "state_product": "USADO", "image_1": "post_images/default.jpg", "image_2": "post_images/default.jpg", "image_3": "", "image_4": "", "image_5": ""}}, {"model": "app_post.post", "pk": 156, "fields": {"name": "Mesa de cocina", "description": "Mesa de cocina en buen estado, diseño moderno, espacio para cuatro comensales", "value": 3, "stock_product": 0, "user": 126, "subsidiary": 1, "state": 7, "category": 2, "state_product": "USADO", "image_1": "post_images/default.jpg", "image_2": "post_images/default.jpg", "image_3": "", "image_4": "", "image_5": ""}}, {"model": "app_post.post", "pk": 157, "fields": {"name": "Cámara digital", "description": "Cámara digital en buen estado, resolución de 20 megapíxeles, zoom óptico 5x", "value": 2, "stock_product": 0, "user": 126, "subsidiary": 1, "state": 7, "category": 5, "state_product": "USADO", "image_1": "post_images/default.jpg", "image_2": "", "image_3": "", "image_4": "", "image_5": ""}}, {"model": "app_post.post", "pk": 158, "fields": {"name": "Microondas", "description": "Microondas en buen estado, capacidad de 20 litros, varias funciones de cocción", "value": 4, "stock_product": 0, "user": 126, "subsidiary": 1, "state": 7, "category": 3, "state_product": "USADO", "image_1": "post_images/default.jpg", "image_2": "post_images/default.jpg", "image_3": "", "image_4": "", "image_5": ""}}, {"model": "app_post.post", "pk": 159, "fields": {"name": "Silla de comedor", "description": "Silla de comedor en buen estado, tapizada en cuero sintético, diseño elegante", "value": 5, "stock_product": 0, "user": 126, "subsidiary": 1, "state": 7, "category": 2, "state_product": "USADO", "image_1": "post_images/default.jpg", "image_2": "post_images/default.jpg", "image_3": "", "image_4": "", "image_5": ""}}, {"model": "app_post.post", "pk": 160, "fields": {"name": "Televisor LG", "description": "Televisor LG en buen estado, pantalla LED de 65 pulgadas, resolución 4K", "value": 4, "stock_product": 0, "user": 127, "subsidiary": 1, "state": 7, "category": 5, "state_product": "USADO", "image_1": "post_images/default.jpg", "image_2": "post_images/default.jpg", "image_3": "", "image_4": "", "image_5": ""}}, {"model": "app_post.post", "pk": 161, "fields": {"name": "Escritorio con estantería", "description": "Escritorio con estantería en buen estado, diseño moderno, múltiples compartimentos", "value": 3, "stock_product": 0, "user": 127, "subsidiary": 1, "state": 7, "category": 2, "state_product": "USADO", "image_1": "post_images/default.jpg", "image_2": "post_images/default.jpg", "image_3": "", "image_4": "", "image_5": ""}}, {"model": "app_post.post", "pk": 162, "fields": {"name": "Barra de sonido", "description": "Barra de sonido en buen estado, potencia de salida de 100W, conexión Bluetooth", "value": 2, "stock_product": 0, "user": 127, "subsidiary": 1, "state": 7, "category": 5, "state_product": "USADO", "image_1": "post_images/default.jpg", "image_2": "", "image_3": "", "image_4": "", "image_5": ""}}, {"model": "app_post.post", "pk": 163, "fields": {"name": "Robot aspirador", "description": "Robot aspirador en buen estado, programable, función de mapeo inteligente", "value": 4, "stock_product": 0, "user": 127, "subsidiary": 1, "state": 7, "category": 4, "state_product": "USADO", "image_1": "post_images/default.jpg", "image_2": "post_images/default.jpg", "image_3": "", "image_4": "", "image_5": ""}}, {"model": "app_post.post", "pk": 164, "fields": {"name": "Sofá esquinero", "description": "Sofá esquinero en buen estado, diseño contemporáneo, tapizado en tela", "value": 5, "stock_product": 0, "user": 127, "subsidiary": 1, "state": 7, "category": 2, "state_product": "USADO", "image_1": "post_images/default.jpg", "image_2": "post_images/default.jpg", "image_3": "", "image_4": "", "image_5": ""}}, {"model": "app_post.post", "pk": 165, "fields": {"name": "iPhone 12 Pro", "description": "iPhone 12 Pro en buen estado, color plata, capacidad de 128GB", "value": 4, "stock_product": 0, "user": 128, "subsidiary": 1, "state": 7, "category": 5, "state_product": "USADO", "image_1": "post_images/default.jpg", "image_2": "post_images/default.jpg", "image_3": "", "image_4": "", "image_5": ""}}, {"model": "app_post.post", "pk": 166, "fields": {"name": "Escritorio de estudio", "description": "Escritorio de estudio en buen estado, diseño moderno, incluye silla a juego", "value": 3, "stock_product": 0, "user": 128, "subsidiary": 1, "state": 7, "category": 2, "state_product": "USADO", "image_1": "post_images/default.jpg", "image_2": "post_images/default.jpg", "image_3": "", "image_4": "", "image_5": ""}}, {"model": "app_post.post", "pk": 167, "fields": {"name": "Auriculares Sony", "description": "Auriculares Sony en buen estado, cancelación de ruido, conexión Bluetooth", "value": 2, "stock_product": 0, "user": 128, "subsidiary": 1, "state": 7, "category": 5, "state_product": "USADO", "image_1": "post_images/default.jpg", "image_2": "", "image_3": "", "image_4": "", "image_5": ""}}, {"model": "app_post.post", "pk": 168, "fields": {"name": "Cafetera de cápsulas", "description": "Cafetera de cápsulas en buen estado, compatible con Nespresso, incluye depósito de agua", "value": 4, "stock_product": 0, "user": 128, "subsidiary": 1, "state": 7, "category": 3, "state_product": "USADO", "image_1": "post_images/default.jpg", "image_2": "post_images/default.jpg", "image_3": "", "image_4": "", "image_5": ""}}, {"model": "app_post.post", "pk": 169, "fields": {"name": "Mesa de centro", "description": "Mesa de centro en buen estado, estilo minimalista, acabado en madera", "value": 5, "stock_product": 0, "user": 128, "subsidiary": 1, "state": 7, "category": 2, "state_product": "USADO", "image_1": "post_images/default.jpg", "image_2": "post_images/default.jpg", "image_3": "", "image_4": "", "image_5": ""}}, {"model": "app_post.post", "pk": 170, "fields": {"name": "Televisor Sony", "description": "Televisor Sony en buen estado, pantalla LED de 55 pulgadas, resolución Full HD", "value": 4, "stock_product": 0, "user": 129, "subsidiary": 1, "state": 7, "category": 5, "state_product": "USADO", "image_1": "post_images/default.jpg", "image_2": "post_images/default.jpg", "image_3": "", "image_4": "", "image_5": ""}}, {"model": "app_post.post", "pk": 171, "fields": {"name": "Mesa de ordenador", "description": "Mesa de ordenador en buen estado, amplio espacio para periféricos, diseño ergonómico", "value": 3, "stock_product": 0, "user": 129, "subsidiary": 1, "state": 7, "category": 2, "state_product": "USADO", "image_1": "post_images/default.jpg", "image_2": "post_images/default.jpg", "image_3": "", "image_4": "", "image_5": ""}}, {"model": "app_post.post", "pk": 172, "fields": {"name": "Auriculares Bose", "description": "Auriculares Bose en buen estado, cancelación de ruido activa, sonido envolvente", "value": 2, "stock_product": 0, "user": 129, "subsidiary": 1, "state": 7, "category": 5, "state_product": "USADO", "image_1": "post_images/default.jpg", "image_2": "", "image_3": "", "image_4": "", "image_5": ""}}, {"model": "app_post.post", "pk": 173, "fields": {"name": "Robot de cocina", "description": "Robot de cocina en buen estado, múltiples funciones preprogramadas, fácil de limpiar", "value": 4, "stock_product": 0, "user": 129, "subsidiary": 1, "state": 7, "category": 3, "state_product": "USADO", "image_1": "post_images/default.jpg", "image_2": "post_images/default.jpg", "image_3": "", "image_4": "", "image_5": ""}}, {"model": "app_post.post", "pk": 174, "fields": {"name": "Sillón reclinable", "description": "Sillón reclinable en buen estado, tapizado en cuero, función de masaje", "value": 5, "stock_product": 0, "user": 129, "subsidiary": 1, "state": 7, "category": 2, "state_product": "USADO", "image_1": "post_images/default.jpg", "image_2": "post_images/default.jpg", "image_3": "", "image_4": "", "image_5": ""}}, {"model": "app_post.post", "pk": 175, "fields": {"name": "Laptop HP", "description": "Laptop HP en buen estado, pantalla de 15.6 pulgadas, procesador AMD Ryzen 5, 8GB de RAM, 256GB SSD", "value": 4, "stock_product": 1, "user": 130, "subsidiary": 1, "state": 1, "category": 5, "state_product": "USADO", "image_1": "post_images/default.jpg", "image_2": "post_images/default.jpg", "image_3": "", "image_4": "", "image_5": ""}}, {"model": "app_post.post", "pk": 176, "fields": {"name": "Escritorio minimalista", "description": "Escritorio minimalista en buen estado, diseño moderno, acabado en madera", "value": 3, "stock_product": 1, "user": 130, "subsidiary": 1, "state": 1, "category": 2, "state_product": "USADO", "image_1": "post_images/default.jpg", "image_2": "post_images/default.jpg", "image_3": "", "image_4": "", "image_5": ""}}, {"model": "app_post.post", "pk": 177, "fields": {"name": "Auriculares JBL", "description": "Auriculares JBL en buen estado, diseño plegable, calidad de sonido premium", "value": 2, "stock_product": 1, "user": 130, "subsidiary": 1, "state": 1, "category": 5, "state_product": "USADO", "image_1": "post_images/default.jpg", "image_2": "", "image_3": "", "image_4": "", "image_5": ""}}, {"model": "app_post.post", "pk": 178, "fields": {"name": "Licuadora", "description": "Licuadora en buen estado, potencia de 700W, cuchillas de acero inoxidable", "value": 4, "stock_product": 1, "user": 130, "subsidiary": 1, "state": 1, "category": 3, "state_product": "USADO", "image_1": "post_images/default.jpg", "image_2": "post_images/default.jpg", "image_3": "", "image_4": "", "image_5": ""}}, {"model": "app_post.post", "pk": 179, "fields": {"name": "Sofá cama", "description": "Sofá cama en buen estado, diseño versátil, tapizado en tela", "value": 5, "stock_product": 1, "user": 130, "subsidiary": 1, "state": 1, "category": 2, "state_product": "USADO", "image_1": "post_images/default.jpg", "image_2": "post_images/default.jpg", "image_3": "", "image_4": "", "image_5": ""}}, {"model": "app_post.post", "pk": 180, "fields": {"name": "Smartphone Samsung Galaxy S20", "description": "Smartphone Samsung Galaxy S20 en buen estado, color negro, 128GB de almacenamiento", "value": 4, "stock_product": 1, "user": 131, "subsidiary": 1, "state": 1, "category": 5, "state_product": "USADO", "image_1": "post_images/default.jpg", "image_2": "post_images/default.jpg", "image_3": "", "image_4": "", "image_5": ""}}, {"model": "app_post.post", "pk": 181, "fields": {"name": "Mesa de estudio", "description": "Mesa de estudio en buen estado, diseño moderno, amplio espacio de trabajo", "value": 3, "stock_product": 1, "user": 131, "subsidiary": 1, "state": 1, "category": 2, "state_product": "USADO", "image_1": "post_images/default.jpg", "image_2": "post_images/default.jpg", "image_3": "", "image_4": "", "image_5": ""}}, {"model": "app_post.post", "pk": 182, "fields": {"name": "Altavoces Bluetooth", "description": "Altavoces Bluetooth en buen estado, conexión inalámbrica, sonido de alta calidad", "value": 2, "stock_product": 1, "user": 131, "subsidiary": 1, "state": 1, "category": 5, "state_product": "USADO", "image_1": "post_images/default.jpg", "image_2": "", "image_3": "", "image_4": "", "image_5": ""}}, {"model": "app_post.post", "pk": 183, "fields": {"name": "Robot de limpieza", "description": "Robot de limpieza en buen estado, navegación inteligente, función de mapeo", "value": 4, "stock_product": 1, "user": 131, "subsidiary": 1, "state": 1, "category": 4, "state_product": "USADO", "image_1": "post_images/default.jpg", "image_2": "post_images/default.jpg", "image_3": "", "image_4": "", "image_5": ""}}, {"model": "app_post.post", "pk": 184, "fields": {"name": "Silla de escritorio", "description": "Silla de escritorio en buen estado, ergonómica, ajustable en altura", "value": 5, "stock_product": 1, "user": 131, "subsidiary": 1, "state": 1, "category": 2, "state_product": "USADO", "image_1": "post_images/default.jpg", "image_2": "post_images/default.jpg", "image_3": "", "image_4": "", "image_5": ""}}, {"model": "app_post.post", "pk": 185, "fields": {"name": "Televisor LG 4K", "description": "Televisor LG 4K en buen estado, pantalla de 55 pulgadas, Smart TV con WebOS", "value": 4, "stock_product": 1, "user": 132, "subsidiary": 1, "state": 1, "category": 5, "state_product": "USADO", "image_1": "post_images/default.jpg", "image_2": "post_images/default.jpg", "image_3": "", "image_4": "", "image_5": ""}}, {"model": "app_post.post", "pk": 186, "fields": {"name": "Escritorio de oficina", "description": "Escritorio de oficina en buen estado, amplio espacio de trabajo, diseño contemporáneo", "value": 3, "stock_product": 1, "user": 132, "subsidiary": 1, "state": 1, "category": 2, "state_product": "USADO", "image_1": "post_images/default.jpg", "image_2": "post_images/default.jpg", "image_3": "", "image_4": "", "image_5": ""}}, {"model": "app_post.post", "pk": 187, "fields": {"name": "Auriculares inalámbricos", "description": "Auriculares inalámbricos en buen estado, conexión Bluetooth, batería de larga duración", "value": 2, "stock_product": 1, "user": 132, "subsidiary": 1, "state": 1, "category": 5, "state_product": "USADO", "image_1": "post_images/default.jpg", "image_2": "", "image_3": "", "image_4": "", "image_5": ""}}, {"model": "app_post.post", "pk": 188, "fields": {"name": "Aspiradora sin bolsa", "description": "Aspiradora sin bolsa en buen estado, potencia de succión alta, filtro HEPA", "value": 4, "stock_product": 1, "user": 132, "subsidiary": 1, "state": 1, "category": 4, "state_product": "USADO", "image_1": "post_images/default.jpg", "image_2": "post_images/default.jpg", "image_3": "", "image_4": "", "image_5": ""}}, {"model": "app_post.post", "pk": 189, "fields": {"name": "Silla ergonómica", "description": "Silla ergonómica en buen estado, diseño ajustable, soporte lumbar", "value": 5, "stock_product": 1, "user": 132, "subsidiary": 1, "state": 1, "category": 2, "state_product": "USADO", "image_1": "post_images/default.jpg", "image_2": "post_images/default.jpg", "image_3": "", "image_4": "", "image_5": ""}}, {"model": "app_post.post", "pk": 190, "fields": {"name": "Smart TV Samsung", "description": "Smart TV Samsung en buen estado, pantalla de 50 pulgadas, resolución 4K", "value": 4, "stock_product": 1, "user": 133, "subsidiary": 1, "state": 1, "category": 5, "state_product": "USADO", "image_1": "post_images/default.jpg", "image_2": "post_images/default.jpg", "image_3": "", "image_4": "", "image_5": ""}}, {"model": "app_post.post", "pk": 191, "fields": {"name": "Escritorio con cajones", "description": "Escritorio con cajones en buen estado, diseño moderno, espacio para almacenamiento", "value": 3, "stock_product": 1, "user": 133, "subsidiary": 1, "state": 1, "category": 2, "state_product": "USADO", "image_1": "post_images/default.jpg", "image_2": "post_images/default.jpg", "image_3": "", "image_4": "", "image_5": ""}}, {"model": "app_post.post", "pk": 192, "fields": {"name": "Altavoces Bose", "description": "Altavoces Bose en buen estado, sonido de alta fidelidad, conexión Bluetooth", "value": 2, "stock_product": 1, "user": 133, "subsidiary": 1, "state": 1, "category": 5, "state_product": "USADO", "image_1": "post_images/default.jpg", "image_2": "", "image_3": "", "image_4": "", "image_5": ""}}, {"model": "app_post.post", "pk": 193, "fields": {"name": "Batidora de mano", "description": "Batidora de mano en buen estado, potencia de 400W, accesorios incluidos", "value": 4, "stock_product": 1, "user": 133, "subsidiary": 1, "state": 1, "category": 3, "state_product": "USADO", "image_1": "post_images/default.jpg", "image_2": "post_images/default.jpg", "image_3": "", "image_4": "", "image_5": ""}}, {"model": "app_post.post", "pk": 194, "fields": {"name": "Mesa de comedor", "description": "Mesa de comedor en buen estado, diseño elegante, capacidad para 6 personas", "value": 5, "stock_product": 1, "user": 133, "subsidiary": 1, "state": 1, "category": 2, "state_product": "USADO", "image_1": "post_images/default.jpg", "image_2": "post_images/default.jpg", "image_3": "", "image_4": "", "image_5": ""}}, {"model": "app_post.post", "pk": 195, "fields": {"name": "Portátil Lenovo", "description": "Portátil Lenovo en buen estado, pantalla de 14 pulgadas, procesador Intel Core i5, 8GB de RAM, 512GB SSD", "value": 4, "stock_product": 1, "user": 134, "subsidiary": 1, "state": 1, "category": 5, "state_product": "USADO", "image_1": "post_images/default.jpg", "image_2": "post_images/default.jpg", "image_3": "", "image_4": "", "image_5": ""}}, {"model": "app_post.post", "pk": 196, "fields": {"name": "Escritorio de madera", "description": "Escritorio de madera en buen estado, diseño clásico, amplio espacio de trabajo", "value": 3, "stock_product": 1, "user": 134, "subsidiary": 1, "state": 1, "category": 2, "state_product": "USADO", "image_1": "post_images/default.jpg", "image_2": "post_images/default.jpg", "image_3": "", "image_4": "", "image_5": ""}}, {"model": "app_post.post", "pk": 197, "fields": {"name": "Altavoces Sony", "description": "Altavoces Sony en buen estado, sonido potente, diseño compacto", "value": 2, "stock_product": 1, "user": 134, "subsidiary": 1, "state": 1, "category": 5, "state_product": "USADO", "image_1": "post_images/default.jpg", "image_2": "", "image_3": "", "image_4": "", "image_5": ""}}, {"model": "app_post.post", "pk": 198, "fields": {"name": "Licuadora de jugos", "description": "Licuadora de jugos en buen estado, potencia de 600W, cuchillas de acero inoxidable", "value": 4, "stock_product": 1, "user": 134, "subsidiary": 1, "state": 1, "category": 3, "state_product": "USADO", "image_1": "post_images/default.jpg", "image_2": "post_images/default.jpg", "image_3": "", "image_4": "", "image_5": ""}}, {"model": "app_post.post", "pk": 199, "fields": {"name": "Sofá de cuero", "description": "Sofá de cuero en buen estado, diseño contemporáneo, color negro", "value": 5, "stock_product": 1, "user": 134, "subsidiary": 1, "state": 1, "category": 2, "state_product": "USADO", "image_1": "post_images/default.jpg", "image_2": "post_images/default.jpg", "image_3": "", "image_4": "", "image_5": ""}}, {"model": "app_post.post", "pk": 200, "fields": {"name": "Smartphone Xiaomi Mi 10", "description": "Smartphone Xiaomi Mi 10 en buen estado, color negro, 128GB de almacenamiento", "value": 4, "stock_product": 1, "user": 135, "subsidiary": 1, "state": 1, "category": 5, "state_product": "USADO", "image_1": "post_images/default.jpg", "image_2": "post_images/default.jpg", "image_3": "", "image_4": "", "image_5": ""}}, {"model": "app_post.post", "pk": 201, "fields": {"name": "Mesa de estudio", "description": "Mesa de estudio en buen estado, diseño moderno, amplio espacio de trabajo", "value": 3, "stock_product": 1, "user": 135, "subsidiary": 1, "state": 1, "category": 2, "state_product": "USADO", "image_1": "post_images/default.jpg", "image_2": "post_images/default.jpg", "image_3": "", "image_4": "", "image_5": ""}}, {"model": "app_post.post", "pk": 202, "fields": {"name": "Auriculares inalámbricos", "description": "Auriculares inalámbricos en buen estado, conexión Bluetooth, batería de larga duración", "value": 2, "stock_product": 1, "user": 135, "subsidiary": 1, "state": 1, "category": 5, "state_product": "USADO", "image_1": "post_images/default.jpg", "image_2": "", "image_3": "", "image_4": "", "image_5": ""}}, {"model": "app_post.post", "pk": 203, "fields": {"name": "Batidora de mano", "description": "Batidora de mano en buen estado, potencia de 400W, accesorios incluidos", "value": 4, "stock_product": 1, "user": 135, "subsidiary": 1, "state": 1, "category": 3, "state_product": "USADO", "image_1": "post_images/default.jpg", "image_2": "post_images/default.jpg", "image_3": "", "image_4": "", "image_5": ""}}, {"model": "app_post.post", "pk": 204, "fields": {"name": "Mesa de comedor", "description": "Mesa de comedor en buen estado, diseño elegante, capacidad para 6 personas", "value": 5, "stock_product": 1, "user": 135, "subsidiary": 1, "state": 1, "category": 2, "state_product": "USADO", "image_1": "post_images/default.jpg", "image_2": "post_images/default.jpg", "image_3": "", "image_4": "", "image_5": ""}}, {"model": "app_post.post", "pk": 205, "fields": {"name": "Televisor Samsung 4K", "description": "Televisor Samsung 4K en buen estado, pantalla de 55 pulgadas, Smart TV con tecnología HDR", "value": 4, "stock_product": 1, "user": 136, "subsidiary": 1, "state": 1, "category": 5, "state_product": "USADO", "image_1": "post_images/default.jpg", "image_2": "post_images/default.jpg", "image_3": "", "image_4": "", "image_5": ""}}, {"model": "app_post.post", "pk": 206, "fields": {"name": "Escritorio ajustable", "description": "Escritorio ajustable en buen estado, altura regulable, superficie amplia", "value": 3, "stock_product": 1, "user": 136, "subsidiary": 1, "state": 1, "category": 2, "state_product": "USADO", "image_1": "post_images/default.jpg", "image_2": "post_images/default.jpg", "image_3": "", "image_4": "", "image_5": ""}}, {"model": "app_post.post", "pk": 207, "fields": {"name": "Altavoces Bluetooth JBL", "description": "Altavoces Bluetooth JBL en buen estado, sonido potente, diseño compacto", "value": 2, "stock_product": 1, "user": 136, "subsidiary": 1, "state": 1, "category": 5, "state_product": "USADO", "image_1": "post_images/default.jpg", "image_2": "", "image_3": "", "image_4": "", "image_5": ""}}, {"model": "app_post.post", "pk": 208, "fields": {"name": "Robot aspirador", "description": "Robot aspirador en buen estado, navegación inteligente, función de mapeo", "value": 4, "stock_product": 1, "user": 136, "subsidiary": 1, "state": 1, "category": 4, "state_product": "USADO", "image_1": "post_images/default.jpg", "image_2": "post_images/default.jpg", "image_3": "", "image_4": "", "image_5": ""}}, {"model": "app_post.post", "pk": 209, "fields": {"name": "Silla de oficina", "description": "Silla de oficina en buen estado, diseño ergonómico, soporte lumbar", "value": 5, "stock_product": 1, "user": 136, "subsidiary": 1, "state": 1, "category": 2, "state_product": "USADO", "image_1": "post_images/default.jpg", "image_2": "post_images/default.jpg", "image_3": "", "image_4": "", "image_5": ""}}, {"model": "app_post.post", "pk": 210, "fields": {"name": "iPhone 12 Pro Max", "description": "iPhone 12 Pro Max en buen estado, color plata, 256GB de almacenamiento", "value": 4, "stock_product": 1, "user": 137, "subsidiary": 1, "state": 1, "category": 5, "state_product": "USADO", "image_1": "post_images/default.jpg", "image_2": "post_images/default.jpg", "image_3": "", "image_4": "", "image_5": ""}}, {"model": "app_post.post", "pk": 211, "fields": {"name": "Escritorio de madera", "description": "Escritorio de madera en buen estado, diseño clásico, amplio espacio de trabajo", "value": 3, "stock_product": 1, "user": 137, "subsidiary": 1, "state": 1, "category": 2, "state_product": "USADO", "image_1": "post_images/default.jpg", "image_2": "post_images/default.jpg", "image_3": "", "image_4": "", "image_5": ""}}, {"model": "app_post.post", "pk": 212, "fields": {"name": "Altavoces Sony", "description": "Altavoces Sony en buen estado, sonido potente, diseño compacto", "value": 2, "stock_product": 1, "user": 137, "subsidiary": 1, "state": 1, "category": 5, "state_product": "USADO", "image_1": "post_images/default.jpg", "image_2": "", "image_3": "", "image_4": "", "image_5": ""}}, {"model": "app_post.post", "pk": 213, "fields": {"name": "Batidora de mano", "description": "Batidora de mano en buen estado, potencia de 400W, accesorios incluidos", "value": 4, "stock_product": 1, "user": 137, "subsidiary": 1, "state": 1, "category": 3, "state_product": "USADO", "image_1": "post_images/default.jpg", "image_2": "post_images/default.jpg", "image_3": "", "image_4": "", "image_5": ""}}, {"model": "app_post.post", "pk": 214, "fields": {"name": "Mesa de comedor", "description": "Mesa de comedor en buen estado, diseño elegante, capacidad para 6 personas", "value": 5, "stock_product": 1, "user": 137, "subsidiary": 1, "state": 1, "category": 2, "state_product": "USADO", "image_1": "post_images/default.jpg", "image_2": "post_images/default.jpg", "image_3": "", "image_4": "", "image_5": ""}}, {"model": "app_post.post", "pk": 215, "fields": {"name": "Macbook Pro 2020", "description": "Macbook Pro 2020 en buen estado, procesador Intel Core i7, 16GB de RAM, 512GB SSD", "value": 4, "stock_product": 1, "user": 138, "subsidiary": 1, "state": 1, "category": 5, "state_product": "USADO", "image_1": "post_images/default.jpg", "image_2": "post_images/default.jpg", "image_3": "", "image_4": "", "image_5": ""}}, {"model": "app_post.post", "pk": 216, "fields": {"name": "Escritorio ajustable", "description": "Escritorio ajustable en buen estado, altura regulable, superficie amplia", "value": 3, "stock_product": 1, "user": 138, "subsidiary": 1, "state": 1, "category": 2, "state_product": "USADO", "image_1": "post_images/default.jpg", "image_2": "post_images/default.jpg", "image_3": "", "image_4": "", "image_5": ""}}, {"model": "app_post.post", "pk": 217, "fields": {"name": "Altavoces Bluetooth JBL", "description": "Altavoces Bluetooth JBL en buen estado, sonido potente, diseño compacto", "value": 2, "stock_product": 1, "user": 138, "subsidiary": 1, "state": 1, "category": 5, "state_product": "USADO", "image_1": "post_images/default.jpg", "image_2": "", "image_3": "", "image_4": "", "image_5": ""}}, {"model": "app_post.post", "pk": 218, "fields": {"name": "Robot aspirador", "description": "Robot aspirador en buen estado, navegación inteligente, función de mapeo", "value": 4, "stock_product": 1, "user": 138, "subsidiary": 1, "state": 1, "category": 4, "state_product": "USADO", "image_1": "post_images/default.jpg", "image_2": "post_images/default.jpg", "image_3": "", "image_4": "", "image_5": ""}}, {"model": "app_post.post", "pk": 219, "fields": {"name": "Silla de oficina", "description": "Silla de oficina en buen estado, diseño ergonómico, soporte lumbar", "value": 5, "stock_product": 1, "user": 138, "subsidiary": 1, "state": 1, "category": 2, "state_product": "USADO", "image_1": "post_images/default.jpg", "image_2": "post_images/default.jpg", "image_3": "", "image_4": "", "image_5": ""}}, {"model": "app_post.post", "pk": 220, "fields": {"name": "Cámara Canon EOS 80D", "description": "Cámara Canon EOS 80D en buen estado, sensor CMOS de 24.2MP, grabación de video Full HD", "value": 4, "stock_product": 1, "user": 139, "subsidiary": 1, "state": 1, "category": 5, "state_product": "USADO", "image_1": "post_images/default.jpg", "image_2": "post_images/default.jpg", "image_3": "", "image_4": "", "image_5": ""}}, {"model": "app_post.post", "pk": 221, "fields": {"name": "Mesa de trabajo", "description": "Mesa de trabajo en buen estado, diseño moderno, amplio espacio de almacenamiento", "value": 3, "stock_product": 1, "user": 139, "subsidiary": 1, "state": 1, "category": 2, "state_product": "USADO", "image_1": "post_images/default.jpg", "image_2": "post_images/default.jpg", "image_3": "", "image_4": "", "image_5": ""}}, {"model": "app_post.post", "pk": 222, "fields": {"name": "Auriculares inalámbricos", "description": "Auriculares inalámbricos en buen estado, conexión Bluetooth, batería de larga duración", "value": 2, "stock_product": 1, "user": 139, "subsidiary": 1, "state": 1, "category": 5, "state_product": "USADO", "image_1": "post_images/default.jpg", "image_2": "", "image_3": "", "image_4": "", "image_5": ""}}, {"model": "app_post.post", "pk": 223, "fields": {"name": "Batidora de mano", "description": "Batidora de mano en buen estado, potencia de 400W, accesorios incluidos", "value": 4, "stock_product": 1, "user": 139, "subsidiary": 1, "state": 1, "category": 3, "state_product": "USADO", "image_1": "post_images/default.jpg", "image_2": "post_images/default.jpg", "image_3": "", "image_4": "", "image_5": ""}}, {"model": "app_post.post", "pk": 224, "fields": {"name": "Mesa de comedor", "description": "Mesa de comedor en buen estado, diseño elegante, capacidad para 6 personas", "value": 5, "stock_product": 1, "user": 139, "subsidiary": 1, "state": 1, "category": 2, "state_product": "USADO", "image_1": "post_images/default.jpg", "image_2": "post_images/default.jpg", "image_3": "", "image_4": "", "image_5": ""}}, {"model": "app_post.post", "pk": 225, "fields": {"name": "UNA CARTUCHERA", "description": "ES UNA CARTUCHERA", "value": 5, "stock_product": 1, "user": 150, "subsidiary": 1, "state": 1, "category": 1, "state_product": "USADO", "image_1": "post_images/default.jpg", "image_2": "post_images/default.jpg", "image_3": "", "image_4": "", "image_5": ""}}, {"model": "app_post.post", "pk": 226, "fields": {"name": "UNA MOCHILA", "description": "ES UNA MOCHILA", "value": 5, "stock_product": 1, "user": 113, "subsidiary": 1, "state": 5, "category": 1, "state_product": "USADO", "image_1": "post_images/default.jpg", "image_2": "post_images/default.jpg", "image_3": "", "image_4": "", "image_5": ""}}, {"model": "app_post.post", "pk": 227, "fields": {"name": "UNA REMERA", "description": "ES UNA REMERA", "value": 5, "stock_product": 1, "user": 150, "subsidiary": 1, "state": 1, "category": 2, "state_product": "USADO", "image_1": "post_images/default.jpg", "image_2": "post_images/default.jpg", "image_3": "", "image_4": "", "image_5": ""}}, {"model": "app_post.post", "pk": 228, "fields": {"name": "UN PANTALON", "description": "ES UN PANTALON", "value": 5, "stock_product": 1, "user": 114, "subsidiary": 1, "state": 5, "category": 2, "state_product": "USADO", "image_1": "post_images/default.jpg", "image_2": "post_images/default.jpg", "image_3": "", "image_4": "", "image_5": ""}}, {"model": "app_post.post", "pk": 229, "fields": {"name": "5KG DE ARROZ", "description": "ES ARROZ", "value": 5, "stock_product": 1, "user": 150, "subsidiary": 1, "state": 1, "category": 3, "state_product": "USADO", "image_1": "post_images/default.jpg", "image_2": "post_images/default.jpg", "image_3": "", "image_4": "", "image_5": ""}}, {"model": "app_post.post", "pk": 230, "fields": {"name": "UNA BOLSA DE FIDEOS", "description": "SON FIDEOS", "value": 5, "stock_product": 1, "user": 115, "subsidiary": 1, "state": 1, "category": 3, "state_product": "USADO", "image_1": "post_images/default.jpg", "image_2": "post_images/default.jpg", "image_3": "", "image_4": "", "image_5": ""}}, {"model": "app_post.post", "pk": 231, "fields": {"name": "JABON", "description": "ES JABON", "value": 5, "stock_product": 1, "user": 150, "subsidiary": 1, "state": 1, "category": 4, "state_product": "USADO", "image_1": "post_images/default.jpg", "image_2": "post_images/default.jpg", "image_3": "", "image_4": "", "image_5": ""}}, {"model": "app_post.post", "pk": 232, "fields": {"name": "ESPONJA", "description": "ES UNA ESPONJA", "value": 5, "stock_product": 1, "user": 116, "subsidiary": 1, "state": 1, "category": 4, "state_product": "USADO", "image_1": "post_images/default.jpg", "image_2": "post_images/default.jpg", "image_3": "", "image_4": "", "image_5": ""}}, {"model": "app_post.post", "pk": 233, "fields": {"name": "LAVARROPAS", "description": "ES UN LAVARROPAS", "value": 5, "stock_product": 1, "user": 117, "subsidiary": 1, "state": 1, "category": 4, "state_product": "USADO", "image_1": "post_images/default.jpg", "image_2": "post_images/default.jpg", "image_3": "", "image_4": "", "image_5": ""}}, {"model": "app_post.post", "pk": 234, "fields": {"name": "GORRA", "description": "ES UNA GORRA", "value": 5, "stock_product": 1, "user": 150, "subsidiary": 1, "state": 1, "category": 2, "state_product": "USADO", "image_1": "post_images/default.jpg", "image_2": "post_images/default.jpg", "image_3": "", "image_4": "", "image_5": ""}}, {"model": "app_post.post", "pk": 235, "fields": {"name": "PANTUFLAS", "description": "SON UNAS PANTUFLAS", "value": 5, "stock_product": 1, "user": 118, "subsidiary": 1, "state": 1, "category": 2, "state_product": "USADO", "image_1": "post_images/default.jpg", "image_2": "post_images/default.jpg", "image_3": "", "image_4": "", "image_5": ""}}, {"model": "app_post.post", "pk": 236, "fields": {"name": "CAMPERA", "description": "ES UNA CAMPERA", "value": 5, "stock_product": 1, "user": 119, "subsidiary": 1, "state": 1, "category": 2, "state_product": "USADO", "image_1": "post_images/default.jpg", "image_2": "post_images/default.jpg", "image_3": "", "image_4": "", "image_5": ""}}, {"model": "app_post.post", "pk": 237, "fields": {"name": "CAMISA", "description": "ES UNA CAMISA", "value": 5, "stock_product": 5, "user": 150, "subsidiary": 1, "state": 1, "category": 2, "state_product": "USADO", "image_1": "post_images/default.jpg", "image_2": "post_images/default.jpg", "image_3": "", "image_4": "", "image_5": ""}}, {"model": "app_post.post", "pk": 238, "fields": {"name": "ZAPATOS", "description": "SON ZAPATOS", "value": 3, "stock_product": 1, "user": 150, "subsidiary": 1, "state": 1, "category": 2, "state_product": "USADO", "image_1": "post_images/default.jpg", "image_2": "", "image_3": "", "image_4": "", "image_5": ""}}, {"model": "app_post.post", "pk": 239, "fields": {"name": "BOTAS", "description": "SON BOTAS", "value": 3, "stock_product": 1, "user": 150, "subsidiary": 1, "state": 1, "category": 2, "state_product": "USADO", "image_1": "post_images/default.jpg", "image_2": "", "image_3": "", "image_4": "", "image_5": ""}}, {"model": "app_post.post", "pk": 240, "fields": {"name": "ESCOBA", "description": "ES UNA ESCOBA", "value": 4, "stock_product": 1, "user": 150, "subsidiary": 1, "state": 1, "category": 4, "state_product": "USADO", "image_1": "post_images/default.jpg", "image_2": "post_images/default.jpg", "image_3": "post_images/default.jpg", "image_4": "", "image_5": ""}}, {"model": "app_post.post", "pk": 241, "fields": {"name": "PRODUCTO 1 PARA TURNO DE POMPEYA", "description": "ES UN PRODUCTO", "value": 4, "stock_product": 1, "user": 111, "subsidiary": 3, "state": 5, "category": 4, "state_product": "USADO", "image_1": "post_images/default.jpg", "image_2": "post_images/default.jpg", "image_3": "post_images/default.jpg", "image_4": "", "image_5": ""}}, {"model": "app_post.post", "pk": 242, "fields": {"name": "PRODUCTO 2 PARA TURNO DE POMPEYA", "description": "ES UN PRODUCTO", "value": 4, "stock_product": 1, "user": 111, "subsidiary": 3, "state": 5, "category": 4, "state_product": "USADO", "image_1": "post_images/default.jpg", "image_2": "post_images/default.jpg", "image_3": "post_images/default.jpg", "image_4": "", "image_5": ""}}, {"model": "app_post.post", "pk": 243, "fields": {"name": "PRODUCTO 3 PARA TURNO DE POMPEYA", "description": "ES UN PRODUCTO", "value": 4, "stock_product": 0, "user": 111, "subsidiary": 3, "state": 5, "category": 4, "state_product": "USADO", "image_1": "post_images/default.jpg", "image_2": "post_images/default.jpg", "image_3": "post_images/default.jpg", "image_4": "", "image_5": ""}}, {"model": "app_post.post", "pk": 244, "fields": {"name": "PRODUCTO 4 PARA TURNO DE POMPEYA", "description": "ES UN PRODUCTO", "value": 4, "stock_product": 1, "user": 151, "subsidiary": 2, "state": 1, "category": 4, "state_product": "USADO", "image_1": "post_images/default.jpg", "image_2": "post_images/default.jpg", "image_3": "post_images/default.jpg", "image_4": "", "image_5": ""}}, {"model": "app_post.post", "pk": 245, "fields": {"name": "PRODUCTO 5 PARA TURNO DE POMPEYA", "description": "ES UN PRODUCTO", "value": 4, "stock_product": 1, "user": 151, "subsidiary": 2, "state": 1, "category": 4, "state_product": "USADO", "image_1": "post_images/default.jpg", "image_2": "post_images/default.jpg", "image_3": "post_images/default.jpg", "image_4": "", "image_5": ""}}, {"model": "app_post.post", "pk": 246, "fields": {"name": "PRODUCTO 6 PARA TURNO DE POMPEYA", "description": "ES UN PRODUCTO", "value": 4, "stock_product": 0, "user": 151, "subsidiary": 2, "state": 7, "category": 4, "state_product": "USADO", "image_1": "post_images/default.jpg", "image_2": "post_images/default.jpg", "image_3": "post_images/default.jpg", "image_4": "", "image_5": ""}}, {"model": "app_post.post", "pk": 247, "fields": {"name": "TOALLAS", "description": "SON TOALLAS", "value": 2, "stock_product": 1, "user": 150, "subsidiary": 1, "state": 1, "category": 2, "state_product": "USADO", "image_1": "post_images/default.jpg", "image_2": "", "image_3": "", "image_4": "", "image_5": ""}}, {"model": "app_post.post", "pk": 248, "fields": {"name": "Set de JABONES", "description": "ES UN Set de JABONES", "value": 5, "stock_product": 1, "user": 105, "subsidiary": 1, "state": 5, "category": 4, "state_product": "NUEVO", "image_1": "post_images/default.jpg", "image_2": "post_images/default.jpg", "image_3": "", "image_4": "", "image_5": ""}}, {"model": "app_post.post", "pk": 249, "fields": {"name": "Set de ACONDICIONADORES", "description": "ES UN Set de ACONDICIONADORES", "value": 5, "stock_product": 1, "user": 105, "subsidiary": 1, "state": 5, "category": 4, "state_product": "NUEVO", "image_1": "post_images/default.jpg", "image_2": "post_images/default.jpg", "image_3": "", "image_4": "", "image_5": ""}}, {"model": "app_post.post", "pk": 250, "fields": {"name": "Set de SHAMPOOS", "description": "ES UN Set de SHAMPOOS", "value": 5, "stock_product": 1, "user": 105, "subsidiary": 1, "state": 5, "category": 4, "state_product": "NUEVO", "image_1": "post_images/default.jpg", "image_2": "post_images/default.jpg", "image_3": "", "image_4": "", "image_5": ""}}, {"model": "app_post.post", "pk": 251, "fields": {"name": "Set de ESPONJAS", "description": "ES UN Set de ESPONJAS", "value": 5, "stock_product": 0, "user": 111, "subsidiary": 1, "state": 5, "category": 4, "state_product": "NUEVO", "image_1": "post_images/default.jpg", "image_2": "post_images/default.jpg", "image_3": "", "image_4": "", "image_5": ""}}, {"model": "app_post.post", "pk": 252, "fields": {"name": "Set de utensilios de MESA", "description": "Set completo de utensilios de MESA, en buen estado", "value": 2, "stock_product": 1, "user": 111, "subsidiary": 1, "state": 5, "category": 3, "state_product": "USADO", "image_1": "post_images/default.jpg", "image_2": "post_images/default.jpg", "image_3": "", "image_4": "", "image_5": ""}}, {"model": "app_post.post", "pk": 253, "fields": {"name": "IMPRESORA (CON SOLICITUDES)", "description": "ES UNA IMPRESORA", "value": 2, "stock_product": 1, "user": 111, "subsidiary": 1, "state": 5, "category": 5, "state_product": "USADO", "image_1": "post_images/default.jpg", "image_2": "post_images/default.jpg", "image_3": "", "image_4": "", "image_5": ""}}, {"model": "app_post.post", "pk": 254, "fields": {"name": "OTRA IMPRESORA (SIN SOLICITUDES)", "description": "ES OTRA IMPRESORA", "value": 2, "stock_product": 1, "user": 111, "subsidiary": 1, "state": 5, "category": 5, "state_product": "USADO", "image_1": "post_images/default.jpg", "image_2": "post_images/default.jpg", "image_3": "", "image_4": "", "image_5": ""}}, {"model": "app_post.post", "pk": 255, "fields": {"name": "UN PRODUCTO PARA CALLE 40", "description": "ES UN PRODUCTO", "value": 2, "stock_product": 2, "user": 112, "subsidiary": 5, "state": 5, "category": 5, "state_product": "USADO", "image_1": "post_images/default.jpg", "image_2": "post_images/default.jpg", "image_3": "", "image_4": "", "image_5": ""}}, {"model": "app_post.post", "pk": 256, "fields": {"name": "OTRO PRODUCTO PARA CALLE 40", "description": "ES UN PRODUCTO", "value": 2, "stock_product": 2, "user": 111, "subsidiary": 5, "state": 5, "category": 5, "state_product": "USADO", "image_1": "post_images/default.jpg", "image_2": "post_images/default.jpg", "image_3": "", "image_4": "", "image_5": ""}}, {"model": "app_post.post", "pk": 257, "fields": {"name": "UNA LAPICERA", "description": "ES UNA LAPICERA", "value": 5, "stock_product": 1, "user": 113, "subsidiary": 1, "state": 5, "category": 1, "state_product": "USADO", "image_1": "post_images/default.jpg", "image_2": "post_images/default.jpg", "image_3": "", "image_4": "", "image_5": ""}}, {"model": "app_post.post", "pk": 258, "fields": {"name": "Lapicera Azul", "description": "SON DOS LAPICERA", "value": 5, "stock_product": 1, "user": 153, "subsidiary": 1, "state": 1, "category": 1, "state_product": "USADO", "image_1": "post_images/default.jpg", "image_2": "post_images/default.jpg", "image_3": "", "image_4": "", "image_5": ""}}, {"model": "app_post.post", "pk": 259, "fields": {"name": "Pantalon jean azul", "description": "Pantalon jean azul", "value": 5, "stock_product": 1, "user": 141, "subsidiary": 1, "state": 1, "category": 2, "state_product": "USADO", "image_1": "post_images/default.jpg", "image_2": "post_images/default.jpg", "image_3": "", "image_4": "", "image_5": ""}}, {"model": "app_post.post", "pk": 260, "fields": {"name": "Jabon baratito", "description": "El jabon es barato", "value": 5, "stock_product": 1, "user": 105, "subsidiary": 3, "state": 5, "category": 4, "state_product": "NUEVO", "image_1": "post_images/default.jpg", "image_2": "post_images/default.jpg", "image_3": "", "image_4": "", "image_5": ""}}, {"model": "app_post.post", "pk": 261, "fields": {"name": "Jabon carito", "description": "El jabon es caro", "value": 5, "stock_product": 1, "user": 105, "subsidiary": 3, "state": 5, "category": 4, "state_product": "NUEVO", "image_1": "post_images/default.jpg", "image_2": "post_images/default.jpg", "image_3": "", "image_4": "", "image_5": ""}}, {"model": "app_post.post", "pk": 262, "fields": {"name": "Jabon baratito 2", "description": "El jabon es barato 2", "value": 5, "stock_product": 1, "user": 106, "subsidiary": 3, "state": 5, "category": 4, "state_product": "NUEVO", "image_1": "post_images/default.jpg", "image_2": "post_images/default.jpg", "image_3": "", "image_4": "", "image_5": ""}}, {"model": "app_post.post", "pk": 263, "fields": {"name": "Jabon carito 2", "description": "El jabon es caro 2", "value": 5, "stock_product": 1, "user": 106, "subsidiary": 3, "state": 5, "category": 4, "state_product": "NUEVO", "image_1": "post_images/default.jpg", "image_2": "post_images/default.jpg", "image_3": "", "image_4": "", "image_5": ""}}, {"model": "app_post.post", "pk": 264, "fields": {"name": "Publicacion", "description": "de intercambiador a borrar", "value": 5, "stock_product": 1, "user": 154, "subsidiary": 1, "state": 5, "category": 4, "state_product": "NUEVO", "image_1": "post_images/default.jpg", "image_2": "post_images/default.jpg", "image_3": "", "image_4": "", "image_5": ""}}, {"model": "app_post.post", "pk": 265, "fields": {"name": "Publicacion 2", "description": "de intercambiador a borrar", "value": 5, "stock_product": 2, "user": 154, "subsidiary": 1, "state": 5, "category": 4, "state_product": "NUEVO", "image_1": "post_images/default.jpg", "image_2": "post_images/default.jpg", "image_3": "", "image_4": "", "image_5": ""}}, {"model": "app_post.post", "pk": 266, "fields": {"name": "Pub Categoria pausar", "description": "Publicacion para probar pausar la categoria", "value": 5, "stock_product": 1, "user": 111, "subsidiary": 1, "state": 5, "category": 6, "state_product": "NUEVO", "image_1": "post_images/default.jpg", "image_2": "post_images/default.jpg", "image_3": "", "image_4": "", "image_5": ""}}, {"model": "subsidiary.subsidiary", "pk": 1, "fields": {"name": "Filial Matriz de La Plata", "x_coordinate": "-34.91174016810609", "y_coordinate": "-57.94697465412342", "max_helpers": 5, "active": true}}, {"model": "subsidiary.subsidiary", "pk": 2, "fields": {"name": "Nuestra Señora de La Piedad", "x_coordinate": "-34.94271621425516", "y_coordinate": "-57.95568044237283", "max_helpers": 4, "active": true}}, {"model": "subsidiary.subsidiary", "pk": 3, "fields": {"name": "Nuestra Señora de la Salud", "x_coordinate": "-34.95504757897488", "y_coordinate": "-57.965366660497864", "max_helpers": 1, "active": false}}, {"model": "subsidiary.subsidiary", "pk": 4, "fields": {"name": "Nuestra Señora de Pompeya", "x_coordinate": "-34.933946003394674", "y_coordinate": "-57.951485348526624", "max_helpers": 1, "active": false}}, {"model": "subsidiary.subsidiary", "pk": 5, "fields": {"name": "La Plata, calle 40", "x_coordinate": "-34.91146033629452", "y_coordinate": "-57.96477487663347", "max_helpers": 1, "active": false}}, {"model": "subsidiary.subsidiary", "pk": 6, "fields": {"name": "q", "x_coordinate": "-34.91410291327355", "y_coordinate": "-57.945923209190376", "max_helpers": 1, "active": false}}, {"model": "subsidiary.subsidiary", "pk": 7, "fields": {"name": "Mondongo", "x_coordinate": "-34.91437371899442", "y_coordinate": "-57.93311700224877", "max_helpers": 1, "active": false}}, {"model": "stockFilial.stockfilial", "pk": 1, "fields": {"cantidad": 10, "categoria": 1, "filial": 1}}, {"model": "stockFilial.stockfilial", "pk": 2, "fields": {"cantidad": 9, "categoria": 2, "filial": 1}}, {"model": "stockFilial.stockfilial", "pk": 3, "fields": {"cantidad": 10, "categoria": 3, "filial": 1}}, {"model": "stockFilial.stockfilial", "pk": 4, "fields": {"cantidad": 0, "categoria": 4, "filial": 1}}, {"model": "stockFilial.stockfilial", "pk": 5, "fields": {"cantidad": 0, "categoria": 5, "filial": 1}}, {"model": "stockFilial.stockfilial", "pk": 6, "fields": {"cantidad": 0, "categoria": 1, "filial": 2}}, {"model": "stockFilial.stockfilial", "pk": 7, "fields": {"cantidad": 0, "categoria": 2, "filial": 2}}, {"model": "stockFilial.stockfilial", "pk": 8, "fields": {"cantidad": 0, "categoria": 3, "filial": 2}}, {"model": "stockFilial.stockfilial", "pk": 9, "fields": {"cantidad": 0, "categoria": 4, "filial": 2}}, {"model": "stockFilial.stockfilial", "pk": 10, "fields": {"cantidad": 0, "categoria": 5, "filial": 2}}, {"model": "stockFilial.stockfilial", "pk": 11, "fields": {"cantidad": 0, "categoria": 1, "filial": 3}}, {"model": "stockFilial.stockfilial", "pk": 12, "fields": {"cantidad": 0, "categoria": 2, "filial": 3}}, {"model": "stockFilial.stockfilial", "pk": 13, "fields": {"cantidad": 0, "categoria": 3, "filial": 3}}, {"model": "stockFilial.stockfilial", "pk": 14, "fields": {"cantidad": 0, "categoria": 4, "filial": 3}}, {"model": "stockFilial.stockfilial", "pk": 15, "fields": {"cantidad": 0, "categoria": 5, "filial": 3}}, {"model": "stockFilial.stockfilial", "pk": 16, "fields": {"cantidad": 0, "categoria": 1, "filial": 4}}, {"model": "stockFilial.stockfilial", "pk": 17, "fields": {"cantidad": 0, "categoria": 2, "filial": 4}}, {"model": "stockFilial.stockfilial", "pk": 18, "fields": {"cantidad": 0, "categoria": 3, "filial": 4}}, {"model": "stockFilial.stockfilial", "pk": 19, "fields": {"cantidad": 0, "categoria": 4, "filial": 4}}, {"model": "stockFilial.stockfilial", "pk": 20, "fields": {"cantidad": 0, "categoria": 5, "filial": 4}}, {"model": "stockFilial.stockfilial", "pk": 21, "fields": {"cantidad": 0, "categoria": 1, "filial": 5}}, {"model": "stockFilial.stockfilial", "pk": 22, "fields": {"cantidad": 0, "categoria": 2, "filial": 5}}, {"model": "stockFilial.stockfilial", "pk": 23, "fields": {"cantidad": 0, "categoria": 3, "filial": 5}}, {"model": "stockFilial.stockfilial", "pk": 24, "fields": {"cantidad": 0, "categoria": 4, "filial": 5}}, {"model": "stockFilial.stockfilial", "pk": 25, "fields": {"cantidad": 0, "categoria": 5, "filial": 5}}, {"model": "stockFilial.stockfilial", "pk": 26, "fields": {"cantidad": 0, "categoria": 1, "filial": 6}}, {"model": "stockFilial.stockfilial", "pk": 27, "fields": {"cantidad": 0, "categoria": 2, "filial": 6}}, {"model": "stockFilial.stockfilial", "pk": 28, "fields": {"cantidad": 0, "categoria": 3, "filial": 6}}, {"model": "stockFilial.stockfilial", "pk": 29, "fields": {"cantidad": 0, "categoria": 4, "filial": 6}}, {"model": "stockFilial.stockfilial", "pk": 30, "fields": {"cantidad": 0, "categoria": 5, "filial": 6}}, {"model": "stockFilial.stockfilial", "pk": 31, "fields": {"cantidad": 20, "categoria": 1, "filial": 7}}, {"model": "stockFilial.stockfilial", "pk": 32, "fields": {"cantidad": 0, "categoria": 2, "filial": 7}}, {"model": "stockFilial.stockfilial", "pk": 33, "fields": {"cantidad": 0, "categoria": 3, "filial": 7}}, {"model": "stockFilial.stockfilial", "pk": 34, "fields": {"cantidad": 0, "categoria": 4, "filial": 7}}, {"model": "stockFilial.stockfilial", "pk": 35, "fields": {"cantidad": 0, "categoria": 5, "filial": 7}}, {"model": "request.requeststate", "pk": 1, "fields": {"name": "aceptado"}}, {"model": "request.requeststate", "pk": 2, "fields": {"name": "pendiente"}}, {"model": "request.requeststate", "pk": 3, "fields": {"name": "rechazado"}}, {"model": "request.requeststate", "pk": 4, "fields": {"name": "semi-aceptado"}}, {"model": "request.request", "pk": 3, "fields": {"user_maker": 150, "post_maker": 229, "user_receive": 115, "post_receive": 230, "state": 3, "rejected": 0, "day_of_request": null}}, {"model": "request.request", "pk": 4, "fields": {"user_maker": 150, "post_maker": 231, "user_receive": 116, "post_receive": 232, "state": 3, "rejected": 0, "day_of_request": null}}, {"model": "request.request", "pk": 5, "fields": {"user_maker": 118, "post_maker": 235, "user_receive": 150, "post_receive": 234, "state": 4, "rejected": 0, "day_of_request": "2024-06-09"}}, {"model": "request.request", "pk": 6, "fields": {"user_maker": 119, "post_maker": 236, "user_receive": 150, "post_receive": 234, "state": 3, "rejected": 0, "day_of_request": null}}, {"model": "request.request", "pk": 17, "fields": {"user_maker": 154, "post_maker": 264, "user_receive": 101, "post_receive": 6, "state": 3, "rejected": 0, "day_of_request": null}}, {"model": "request.request", "pk": 19, "fields": {"user_maker": 150, "post_maker": 231, "user_receive": 117, "post_receive": 233, "state": 3, "rejected": 0, "day_of_request": null}}, {"model": "request.request", "pk": 22, "fields": {"user_maker": 141, "post_maker": 259, "user_receive": 103, "post_receive": 1, "state": 2, "rejected": 0, "day_of_request": null}}]